{"type":"FeatureCollection","crs":{"type":"name","properties":{"name":"EPSG:4326"}},"features":[{"type":"Feature","id":1,"geometry":{"type":"MultiPolygon","coordinates":[[[[-86.2556517235452,37.5962838466264],[-86.2558224778619,37.592312045815],[-86.2481861160145,37.5940264379171],[-86.2408707755162,37.5919261248419],[-86.2365676309904,37.58804311412],[-86.2362465938073,37.5813255446303],[-86.2333573430872,37.581223088647],[-86.2336578697593,37.5747548247837],[-86.228104774493,37.577118093451],[-86.2305363923908,37.578620754417],[-86.224006552643,37.5811718541644],[-86.219614617801,37.5803214825214],[-86.2221760037756,37.5763667597176],[-86.2143483884728,37.5756222546029],[-86.2117733385588,37.5782928877581],[-86.207859529663,37.5769131699285],[-86.2088294344395,37.5710801213461],[-86.2002641445269,37.5752704851411],[-86.2018829394637,37.571455780996],[-86.199123464051,37.5703424450832],[-86.1970743440669,37.5657183523405],[-86.1900253912794,37.5648782232855],[-86.1924228218925,37.5423110173892],[-86.1839326539154,37.5377620525881],[-86.1416389608719,37.5499813717051],[-86.1759888957142,37.5192110365205],[-86.1855787291819,37.5057041872107],[-86.1542819418444,37.5128554549797],[-86.1318373079902,37.5084464998119],[-86.134364537199,37.5004721626136],[-86.1149662390636,37.4849947590415],[-86.1090101516641,37.4877302767494],[-86.1016401745479,37.4889358140297],[-86.0911282181437,37.4872931261967],[-86.0887512551192,37.4935462354215],[-86.0774128238576,37.4926036497558],[-86.0707736975865,37.494526365412],[-86.0545652088365,37.4954279489493],[-86.0569626665057,37.4915142062172],[-86.0602754031009,37.4933857022698],[-86.062338174715,37.4907936171896],[-86.0522701846551,37.4831710287651],[-86.0524477697341,37.4795065898105],[-86.0497565964883,37.4770511065783],[-86.0552755415599,37.4756406598157],[-86.0554531268417,37.4721401473307],[-86.0605349306161,37.4732056729533],[-86.0646331500944,37.4679566147503],[-86.0777679365376,37.4439687192465],[-86.0792979233203,37.4303525786018],[-86.0747147266184,37.4217157002178],[-86.0708145682435,37.4127646292049],[-86.0708008981424,37.4060504740885],[-86.0742912151786,37.4008389819881],[-86.0932591731263,37.397601448459],[-86.0983409662871,37.3914473796869],[-86.0891814220022,37.3865398237807],[-86.0731368557091,37.3822947997384],[-86.0661357066222,37.3743853424985],[-86.0696396847297,37.3698876126191],[-86.0651247946111,37.3623948031615],[-86.070718863722,37.354867850922],[-86.064011425783,37.3503735277303],[-86.0732324337355,37.3476311821637],[-86.0708349625105,37.3413507476464],[-86.0778156103012,37.3419791378857],[-86.0803018721044,37.344660020073],[-86.0888944815254,37.3399812924435],[-86.0796598234203,37.3499705541744],[-86.0912714705273,37.3522211366615],[-86.0910597205864,37.3462378203237],[-86.0951647782478,37.346487128675],[-86.103238294456,37.3524567905901],[-86.1054103347856,37.3374541046451],[-86.0951374363427,37.3310917005922],[-86.108811857061,37.3332261703155],[-86.1155944313775,37.3389533564508],[-86.1211406893523,37.3318840322413],[-86.1238796787171,37.3371604173384],[-86.1162364940595,37.3436116012934],[-86.1218715596817,37.3459817094326],[-86.1280735346304,37.3394895426676],[-86.1439883260409,37.3455855700394],[-86.1532981304938,37.3444415067148],[-86.1597665078008,37.350301883259],[-86.1551081732806,37.3388919147295],[-86.1572870591133,37.33586610617],[-86.1393026433942,37.3152284337232],[-86.1411536462651,37.294102410788],[-86.1242552652221,37.2766134915588],[-86.1081014147575,37.2731266270897],[-86.0872345928628,37.2612453568303],[-86.0955403282684,37.2581717417874],[-86.1077939997549,37.2379985481288],[-86.1108676764501,37.2428207210666],[-86.1159836302208,37.2424348151476],[-86.115935812935,37.2389752829319],[-86.1234833806911,37.2385927937916],[-86.1254983345868,37.2333232425398],[-86.1322399186359,37.2339618778976],[-86.1440086714089,37.2413658992531],[-86.1506136627694,37.2520416157499],[-86.1471779893359,37.2570686917264],[-86.1605860195149,37.2553679653545],[-86.1594658255191,37.2465125194284],[-86.1671431696412,37.2459251214642],[-86.1655995117337,37.251088804768],[-86.1801140647924,37.2504057884187],[-86.2013906765678,37.2378449380841],[-86.2172098374202,37.2405121704235],[-86.2261576278634,37.2370902118713],[-86.2361504893452,37.2490500225143],[-86.2223121554706,37.2584074817077],[-86.2244022598277,37.2647528038667],[-86.2385616318731,37.2629120570245],[-86.2387392298452,37.2685504441356],[-86.2537250680764,37.2593603273161],[-86.2533288996349,37.255234843853],[-86.2483768736559,37.254022468028],[-86.2507470051188,37.2468506862392],[-86.2548247404533,37.2467926315247],[-86.2591688459299,37.2364311156861],[-86.2484861311583,37.2338834164812],[-86.2505010811452,37.2259534752837],[-86.2572631574853,37.2270429079729],[-86.2533630018992,37.2204995063476],[-86.2637178540617,37.2195842575948],[-86.2678365614481,37.212381741129],[-86.2514504607943,37.1961564223212],[-86.2377555608737,37.2023309760051],[-86.2271411437237,37.1958627024163],[-86.2191974011813,37.187290707948],[-86.2014520823663,37.1901252567954],[-86.1855851072562,37.1860783098606],[-86.1905371099674,37.170273067742],[-86.1650461352479,37.1687669741741],[-86.149910004062,37.1588562400466],[-86.1598208582514,37.1417020242394],[-86.1598891450515,37.1296295207313],[-86.149875823725,37.1387615851262],[-86.1446437330016,37.1233866423587],[-86.120484695388,37.1309989601971],[-86.1081763534705,37.1300256375834],[-86.1078894714793,37.1262211761456],[-86.0697896219657,37.1255244598254],[-86.0678429708857,37.1305208013159],[-86.0520443010967,37.1270544266152],[-86.0324820880901,37.1190322591067],[-86.0064583157696,37.0952628970273],[-86.0295040023284,37.0885248526598],[-86.059817218934,37.0876403565421],[-86.0746322839812,37.0691474097345],[-86.0819407622763,37.0501148662917],[-86.0614291236339,37.0401392400132],[-86.0614769318632,37.0367036141266],[-86.0776717688575,37.0450058205713],[-86.1042077963506,37.0517199971581],[-86.1121105488211,37.0555825217243],[-86.1272466646262,37.0546809375653],[-86.1299992940537,37.0454532435997],[-86.1366998832144,37.0367958806873],[-86.1420821966505,37.0191601250505],[-86.1331343944491,37.0140954722111],[-86.139022160748,36.9996016419431],[-86.1474986318272,36.9798621656453],[-86.1428744595408,36.9754190702937],[-86.1524984527554,36.9683873138886],[-86.1668285367491,36.9340959481297],[-86.160510433107,36.9303392949356],[-86.1597180999891,36.9242364469622],[-86.163037662162,36.9232494751556],[-86.1649979766814,36.9201963449316],[-86.1715892888322,36.9184307251649],[-86.1763432258091,36.9147628730589],[-86.1690483742922,36.9084346213123],[-86.1583246793527,36.9065699491288],[-86.1495818007093,36.9105007632735],[-86.1491446634856,36.9151999897743],[-86.1526144984234,36.9173037154155],[-86.1485094580701,36.9291610636576],[-86.13467794702,36.9319648797264],[-86.1417951752565,36.9138817415508],[-86.1342817476361,36.9049648162953],[-86.1351901840545,36.9021780662171],[-86.1419795785835,36.9014882144758],[-86.1473140975041,36.8974276224314],[-86.1406886248757,36.8924141981353],[-86.1374578588608,36.8946340335797],[-86.1263584975185,36.895866889445],[-86.1019535213229,36.8678490970152],[-86.1003211025013,36.8980184041164],[-86.0662375209425,36.8997874185847],[-86.0769748519509,36.8830327710112],[-86.0698575916825,36.8777222296249],[-86.0509715873676,36.8693209803983],[-86.0434991653007,36.8777563601379],[-86.0418735143631,36.8614729915138],[-86.0288001822285,36.8692014336528],[-86.0320309270517,36.8510875559171],[-86.0144836665592,36.8351456880267],[-85.9998939821712,36.8360097058655],[-85.9817456721026,36.8375260119009],[-85.9746898802032,36.8284383302544],[-85.9794028156746,36.8087876423887],[-85.969259695851,36.8016465849912],[-85.9444722687462,36.8104473700027],[-85.9390899265934,36.806796585531],[-85.9297117985791,36.7902980569793],[-85.9366719423296,36.7825491190808],[-85.9497520803967,36.7562799039674],[-85.95417131886,36.7439205299869],[-85.9401280631741,36.7435653448718],[-85.8084521530271,36.8209522188245],[-85.7905019304481,36.8278678538128],[-85.771964297366,36.8368701372623],[-85.7661926279358,36.8362417473377],[-85.7313303953356,36.8467500913915],[-85.7128269007882,36.844448274461],[-85.6897197337354,36.8437208310026],[-85.6700892334096,36.8460943339898],[-85.6659910164653,36.8549805146476],[-85.6706288484672,36.8601373734162],[-85.6690305525133,36.8703657039136],[-85.7125059068915,36.8734120404967],[-85.711740921283,36.8869803742581],[-85.6801231185946,36.8989025868523],[-85.6758883095429,36.9203940325092],[-85.6403840212564,36.9325074892278],[-85.623991126627,36.9422986691355],[-85.6450423974938,36.9834408253457],[-85.6384920734597,36.9913536885861],[-85.6169627308671,36.9975931230624],[-85.5946683786121,36.9977638618161],[-85.6015943638121,36.9821771888595],[-85.598056220189,36.9750224766717],[-85.5671829218369,36.982573315586],[-85.5469035313954,36.9824742589835],[-85.5625928775816,36.9548731465268],[-85.5454076337231,36.9415404428982],[-85.5439186052693,36.9365509276803],[-85.5241719713715,36.9243452160563],[-85.5058187408226,36.9187990198168],[-85.4573435445124,36.9102611387269],[-85.4120581467316,36.9138162562941],[-85.3892105187548,36.8988272051896],[-85.3565203422407,36.9074367342266],[-85.397550442049,36.9308816765268],[-85.3966898261726,36.9417418074002],[-85.3593959565326,36.9334737311832],[-85.3230583494228,36.933374660326],[-85.3486244306592,36.9126755448948],[-85.3312957468363,36.8953061497983],[-85.313885110854,36.8912865192792],[-85.3114944912283,36.9038917834264],[-85.2955728898273,36.9114597097836],[-85.2935989187001,36.9198950933861],[-85.273182928277,36.9276781689771],[-85.2943229685249,36.9499721941781],[-85.2835173221815,36.9618841773081],[-85.3105519923874,36.9983510187718],[-85.2809969309813,36.9801244146153],[-85.2683060727902,36.9624818126948],[-85.2360462007934,36.9639058953871],[-85.2257323108972,36.9420899990275],[-85.2326173148214,36.9248947976266],[-85.2750407616503,36.8974747105913],[-85.2457247618773,36.8754846250209],[-85.2459706409409,36.860160910901],[-85.2355884604787,36.8530949859138],[-85.2338398726219,36.8407492678932],[-85.2251789344877,36.8199135158446],[-85.2056440399681,36.8016561816387],[-85.2289697584673,36.7821045491103],[-85.2428968866388,36.7720947984873],[-85.2480469775049,36.7577717226537],[-85.2889131188492,36.7544010201463],[-85.2618238330021,36.7429705348163],[-85.2558335646766,36.7134261874048],[-85.2352672748451,36.6866754069236],[-85.246264177546,36.6829255977331],[-85.2418517477341,36.6757640530408],[-85.2467627903567,36.6774033232552],[-85.2526847172032,36.6674516212319],[-85.2491192568361,36.6637017982973],[-85.2638728595659,36.6522201235315],[-85.2761880026946,36.6262855900044],[-85.2760989397041,36.6263208227718],[-85.1872493649895,36.62480094083],[-85.105701465699,36.6227790461433],[-84.9998579086514,36.6181786813261],[-84.9444771949899,36.6128134091812],[-84.8309358032054,36.6047159292711],[-84.7856367291278,36.6034898178854],[-84.7851244504913,36.6034727412711],[-84.7850972993833,36.6034351251198],[-84.6912004069824,36.6012213540117],[-84.5419840061045,36.5962760882231],[-84.5107691875092,36.5963546047974],[-84.4317417348376,36.5956236855787],[-84.29238156983,36.5919522694788],[-84.2027738657107,36.5913135449612],[-84.2029787779709,36.5917062859917],[-84.2122407759055,36.6089049228417],[-84.2021932965535,36.6192083792774],[-84.2162365688752,36.6594011338633],[-84.1953151278653,36.662826493165],[-84.188539410222,36.6965782777982],[-84.1658489072949,36.7134114603658],[-84.1416693773998,36.7203544065666],[-84.0903800635586,36.6773953536726],[-84.0669382173546,36.6911071000043],[-84.0227866648354,36.6911514493217],[-84.0021794172722,36.6855950009331],[-84.0151912732957,36.6561462944948],[-83.9998980503933,36.6274420567743],[-84.0113730683609,36.5896126028627],[-83.9999458499817,36.5911767234924],[-83.8917048798514,36.5869315902907],[-83.8884672745814,36.5631519913009],[-83.8659611772567,36.5326001550759],[-83.8479358119147,36.5201587925646],[-83.7580002634837,36.5571309606114],[-83.7089445030125,36.5535757489708],[-83.7037739074439,36.5463595590639],[-83.6899697194005,36.5545866074971],[-83.7025649344012,36.5605631106855],[-83.7010076109317,36.5740324077227],[-83.6907415584376,36.5826009733178],[-83.6825929223024,36.5932630200922],[-83.6794646099434,36.5937240605146],[-83.6749633932671,36.6007353305156],[-83.6276083966747,36.5985564200511],[-83.5500494773075,36.5974225056274],[-83.5503636761278,36.6041708157259],[-83.5306580417732,36.6064999161638],[-83.5360472109491,36.6218543755242],[-83.5407601717769,36.6307952085428],[-83.5353163615819,36.6328681902433],[-83.5284791543795,36.6235414443198],[-83.5200846220601,36.6226534994801],[-83.5163484041301,36.6086958326411],[-83.5067448948591,36.6028081260548],[-83.5064443613573,36.6232647933548],[-83.4881867658487,36.6247503561856],[-83.4741161902917,36.6163286134918],[-83.4735834188603,36.5972311697744],[-83.4346912589644,36.5969032714396],[-83.4347459028393,36.6124489730262],[-83.426508469645,36.6149795796862],[-83.436835999775,36.6258602158089],[-83.4083328407433,36.6285752166478],[-83.4162629083089,36.6360987713192],[-83.3947745458335,36.643690594464],[-83.3592361004083,36.6725996816677],[-83.3527882263398,36.6745838685805],[-83.3539288988804,36.6790713591269],[-83.3568523002059,36.678494204893],[-83.3577744005527,36.6832070936659],[-83.3423035998243,36.6907306209274],[-83.3284720876017,36.6951976028411],[-83.3304802190913,36.7038686363769],[-83.2949895846866,36.7131645952932],[-83.2515279006698,36.7233792163133],[-83.1946172047871,36.7384911262027],[-83.1350631539433,36.7425618970962],[-83.1334238635106,36.749156522907],[-83.1278571061363,36.7500649427652],[-83.1254186612696,36.7615534579637],[-83.1321534129526,36.7640943273618],[-83.1290182697771,36.771064616308],[-83.1320236351003,36.7722633331593],[-83.1281781330643,36.776754231863],[-83.1322558671533,36.7847285800531],[-83.1216687839751,36.7867878944054],[-83.11063089495,36.8006089370374],[-83.0919020024055,36.7933449195043],[-83.0646351421202,36.7633873127494],[-83.0962802769476,36.7451573536514],[-83.0909935663117,36.7355027574449],[-83.0982679174253,36.7323471801772],[-83.1272765256374,36.7266200314953],[-83.1570159835055,36.7245129287346],[-83.1526103919996,36.7070445009323],[-83.1699936987915,36.7027243750356],[-83.1430820179882,36.6796448509445],[-83.1398649106722,36.6803722711519],[-83.1362721325553,36.6816119613957],[-83.1256440675276,36.6767078125271],[-83.0969086752652,36.6836302594257],[-83.1017787329804,36.6904776137562],[-83.1117305892752,36.7138405731569],[-83.0824760877958,36.729143763553],[-83.0696144890925,36.7316128908522],[-83.0303466547201,36.7462330418528],[-83.0113650387956,36.7451333447086],[-83.014438709707,36.7278220225048],[-83.0128062495348,36.7238536327077],[-83.0161667956874,36.7227778687588],[-83.0191380089656,36.727477099696],[-83.023140609765,36.7163061939633],[-82.9998763480027,36.7257319412571],[-82.9962903994714,36.7269033288376],[-82.9838113043413,36.7144551414196],[-82.9834834489765,36.691136591181],[-82.9582930204171,36.699370453186],[-82.9498165228133,36.7042096911124],[-82.9494203575089,36.7355674721083],[-82.9598230210911,36.7306565186741],[-82.9868918020869,36.7277297798774],[-82.9972193302985,36.7392695381104],[-82.9998626845985,36.7448703651602],[-83.007082391796,36.7580015720478],[-82.9999309872071,36.7615054932511],[-82.978572398998,36.7713171538195],[-82.9725001939905,36.7704292102066],[-82.9593448903188,36.7647668984248],[-82.9516402272149,36.7552762258248],[-82.9509571885372,36.7607404423391],[-82.9457114592253,36.7605116218443],[-82.944611768113,36.7715732467827],[-82.9319824012568,36.7771125817925],[-82.9316477115759,36.7847010143998],[-82.9358074096606,36.7915995941619],[-82.978080610559,36.7815249951468],[-82.9908670743507,36.7893559179938],[-82.9999104934873,36.7869858244089],[-83.0520604181919,36.7762589456522],[-83.0449431658644,36.7809547488694],[-83.0386045756118,36.7831575038701],[-83.0343697419649,36.7868390157845],[-83.0367057292241,36.8141430317742],[-83.0127789166507,36.8464160381375],[-83.0071506862854,36.847092227764],[-82.9999104863039,36.854865068117],[-82.9876772807228,36.8589393108271],[-82.9783469865438,36.8595881755684],[-82.9697338817294,36.8578498603776],[-82.9643788661066,36.8606502652964],[-82.9429383161048,36.8452992025907],[-82.9222012913941,36.8565452196309],[-82.9026732436743,36.8619855075141],[-82.892728215383,36.8559202132487],[-82.8902761103273,36.8570642811771],[-82.8950437119731,36.8645502649968],[-82.8892993647479,36.8664183376793],[-82.8426547292065,36.8328679833827],[-82.8183454169033,36.8405793304176],[-82.8012626480482,36.8256005220103],[-82.8054496718119,36.810669552099],[-82.8514522644252,36.7725635207093],[-82.844983899606,36.7649204382611],[-82.832907794714,36.7591556735363],[-82.8200735174261,36.7586160652793],[-82.8108388496637,36.7528581348513],[-82.8046915119726,36.7482511078873],[-82.8005932874882,36.7439241253828],[-82.7995277499463,36.7359600260073],[-82.7997941360384,36.7306460748749],[-82.8016519990968,36.7266913494986],[-82.8025809312177,36.7228903037379],[-82.802280395271,36.7192770887838],[-82.8011738743911,36.7165039972487],[-82.7954500205362,36.7120267462708],[-82.7978338227912,36.7089497111347],[-82.8227783571198,36.7040490221057],[-82.8253807308038,36.7029186150335],[-82.8438432383578,36.6985506788769],[-82.8405373370665,36.6901904212505],[-82.8187894239737,36.6696722550497],[-82.7997873207877,36.6563019717896],[-82.7926085976714,36.6449295583214],[-82.7962696807466,36.6360433782415],[-82.7923831979117,36.6298961275099],[-82.7677733517789,36.6395267811576],[-82.7583132846525,36.623410740268],[-82.832067688479,36.5936376733288],[-82.8314939368875,36.5936240124149],[-82.7338400545265,36.5934360570552],[-82.7590578060001,36.5731365170874],[-82.7624251856748,36.5530999148369],[-82.7668854229924,36.5455456380409],[-82.7639210409625,36.5395896360761],[-82.7504583702015,36.543609234687],[-82.7330818920919,36.5535267696565],[-82.726353973739,36.544387855377],[-82.7055076674841,36.5449035147473],[-82.7055964600132,36.5571945914867],[-82.690501329796,36.5573858197275],[-82.6900232063628,36.5456616551618],[-82.6722369079442,36.5460748647001],[-82.6714309274472,36.5320454815377],[-82.6775236231139,36.5282068759791],[-82.6812188576882,36.5240677349097],[-82.6805699719431,36.5207892033692],[-82.6794497912944,36.5185386262419],[-82.6800235442471,36.5148332037246],[-82.6753788914325,36.5029416921469],[-82.6774006831929,36.5000183374259],[-82.6784935456091,36.4919893526509],[-82.7000160588507,36.490121300472],[-82.7062931755508,36.4829631812252],[-82.7327199027191,36.463609634799],[-82.7386145174192,36.457243827411],[-82.7388399229095,36.4474184789014],[-82.8049716237581,36.4075809911195],[-82.7979021876572,36.3998115452358],[-82.7259305142007,36.440755530877],[-82.7020515304233,36.4103300462651],[-82.6814716085288,36.4141003308244],[-82.6726399310543,36.4232528868686],[-82.6707479151191,36.4318931804052],[-82.6561787241899,36.4333548406498],[-82.6517321486516,36.4369031615938],[-82.6355783131102,36.4303836446078],[-82.6298203060152,36.4348608821271],[-82.6191854144759,36.4245369097701],[-82.6156131297528,36.4180959570858],[-82.6102786085566,36.411501320131],[-82.6026627423317,36.4075909793451],[-82.6096433879308,36.3992512237042],[-82.613475231517,36.3876875748992],[-82.5967066613032,36.3845183064619],[-82.5838928760461,36.3921852718827],[-82.5668647493185,36.3975196937715],[-82.5575139641837,36.4013958626109],[-82.563538352937,36.406463932915],[-82.5578008319065,36.4262683045823],[-82.5391948850138,36.4439552742854],[-82.5374463070156,36.4487159727384],[-82.5286351206339,36.4547129419207],[-82.5302334276409,36.457445053073],[-82.5373165265148,36.4588828355784],[-82.5378356315629,36.4687901475999],[-82.5220847803956,36.4857496961452],[-82.5159032898329,36.4897590594084],[-82.5133350665177,36.497412377362],[-82.5057738405217,36.4989321028815],[-82.5057875006455,36.5000659289504],[-82.5089977744039,36.5082144489579],[-82.487953388303,36.5052603282977],[-82.4806653795664,36.5000932173553],[-82.4735754520795,36.4950968624448],[-82.4831789598457,36.4955818250966],[-82.4842103470919,36.4926379777576],[-82.4749825104044,36.4914221778139],[-82.4786777457298,36.4861423806405],[-82.4735959479439,36.480524474359],[-82.4815601665211,36.4777650537222],[-82.4806244071105,36.4730555789073],[-82.4634869938313,36.4749372968764],[-82.4613832391686,36.4729326091947],[-82.469695808009,36.4686432079543],[-82.4701875969278,36.4635717304939],[-82.4703242047845,36.4620895617989],[-82.4662396379666,36.4682060662528],[-82.4396284912224,36.4803570878025],[-82.4237546987528,36.4810161891109],[-82.4138096734707,36.4782874811877],[-82.4125255609169,36.4820236391335],[-82.419902366748,36.4833657978917],[-82.4189461096882,36.4944342544235],[-82.4154421248264,36.5000555650364],[-82.4133451865248,36.5352007346301],[-82.3933458466858,36.5358598292283],[-82.3795006741721,36.5382811428065],[-82.3747945456486,36.5391280905317],[-82.36989033564,36.5396745058093],[-82.365293493062,36.5393227414909],[-82.3675065338066,36.5423588002201],[-82.367786578071,36.545732956033],[-82.3464621364389,36.5657797793716],[-82.3335868796944,36.5635360176923],[-82.2942234212824,36.572780740489],[-82.2679196386518,36.5876467954741],[-82.2634389106879,36.5911780406079],[-82.2519707095165,36.590853587103],[-82.2430707286692,36.5950576082347],[-82.242346708805,36.5953786302778],[-82.2423268140686,36.5954116931885],[-82.2687558015451,36.5956506826854],[-82.2754979641001,36.592242258087],[-82.2802449842785,36.5908302203938],[-82.2935644172778,36.5958319241837],[-82.3258411501171,36.5954198176595],[-82.3268253688736,36.5970546422307],[-82.3299531704637,36.5969081125769],[-82.3332228595924,36.6000313883418],[-82.3330362012846,36.6060305082329],[-82.3129901527811,36.6189574668373],[-82.3189874495867,36.6263319050313],[-82.3104794932532,36.6310021017899],[-82.323097669217,36.6793721058769],[-82.3282715669228,36.687803195088],[-82.347183029589,36.6867846824223],[-82.3727861598066,36.6754254152009],[-82.3982118109136,36.6682893749538],[-82.3980899875349,36.6625722516058],[-82.4056264227222,36.6587748453333],[-82.4033911491182,36.6581399724171],[-82.4049931045474,36.6554428422255],[-82.4033630403082,36.6501960402342],[-82.4063667757472,36.6495348197159],[-82.4093296448455,36.6552143731195],[-82.4128895039157,36.6514835644192],[-82.415496910781,36.651957488114],[-82.4150101300029,36.6619429184107],[-82.4551540592221,36.6535403494559],[-82.4550209030712,36.6480487594363],[-82.4526631930001,36.6432972250757],[-82.4457217392725,36.6431714808509],[-82.4380909183195,36.6390149751052],[-82.4344802919976,36.6405210262893],[-82.4281922459583,36.6399502734452],[-82.419282210492,36.6426273861326],[-82.4161878107507,36.6453442159709],[-82.4136915826352,36.6423010862357],[-82.4112986197688,36.6351521881048],[-82.4273201439323,36.6286091113941],[-82.4386355228518,36.6222829608713],[-82.4496956094345,36.6224659404305],[-82.4497702993714,36.6309905020776],[-82.4545092207555,36.6381458737326],[-82.4569419923379,36.6426664791855],[-82.4613426495743,36.644382248417],[-82.4606341449056,36.6479678357312],[-82.465747144254,36.649477291653],[-82.4692482410999,36.6471152358173],[-82.4749434546617,36.6465771437546],[-82.4718433607889,36.6529543001348],[-82.4765978425791,36.6513090607],[-82.4782020558167,36.6536347964188],[-82.4748774140058,36.6602891963821],[-82.4702043672605,36.6566801379172],[-82.467475510223,36.6574117478032],[-82.4788551476828,36.6722818792136],[-82.4601710752017,36.672934927887],[-82.3994861093652,36.68856133388],[-82.3767664298335,36.6955996212517],[-82.3320187976722,36.7095660203426],[-82.3075476548993,36.7272952794604],[-82.2932261592785,36.7135132293715],[-82.2984440563306,36.7077792509509],[-82.3042839317762,36.6993048994584],[-82.3020982380762,36.6971347635481],[-82.2942478731527,36.7014875428169],[-82.2879817590814,36.7035406648279],[-82.2862413804026,36.7011505444259],[-82.2908623344278,36.6978421769167],[-82.2945769714745,36.6954331716628],[-82.2791703012394,36.689171154127],[-82.2732153992709,36.697123104229],[-82.2506202330324,36.7072813432464],[-82.2491851632061,36.6997024042629],[-82.2642362887718,36.6947525350381],[-82.2442353146451,36.6877828114957],[-82.2394591675341,36.6979397622393],[-82.2174811458103,36.6974810307889],[-82.1951810783642,36.6832916757508],[-82.1898500698749,36.6819937602604],[-82.185466671572,36.6782719595544],[-82.1758269414514,36.675017762475],[-82.1530114276827,36.6804652530672],[-82.1402333485008,36.6854111082161],[-82.136314979134,36.6824363035242],[-82.1516645525437,36.671054944721],[-82.1605533524687,36.6626294940101],[-82.1523341385546,36.6577531943326],[-82.1354707355915,36.664983437117],[-82.1345608048897,36.6678697683933],[-82.1281744428028,36.6711644965061],[-82.1187872308793,36.676207003277],[-82.112227379714,36.6814974485221],[-82.1064786461186,36.6879085519895],[-82.0997728884162,36.693307698567],[-82.0836415672355,36.702949150102],[-82.0769007133972,36.6843958963435],[-82.0665320473334,36.6891806100034],[-82.0638115784464,36.6865239555952],[-82.0698907625663,36.6824198557932],[-82.0661887844517,36.6780179011759],[-82.0561373839253,36.6821236807413],[-82.0547476810745,36.6723026265332],[-82.0463462624558,36.6651944829704],[-82.0482822210199,36.6631890475731],[-82.0227888672703,36.6468154711132],[-82.0454233530666,36.6392126054891],[-82.0454474457158,36.6391706597143],[-82.0452357034401,36.6389964875218],[-82.025051952112,36.6231229055579],[-82.0087341840829,36.6231980164516],[-81.9999844773558,36.6162482022179],[-81.9932838824117,36.6094110891147],[-81.9998342174617,36.6012079401304],[-82.0057015112138,36.5986397657764],[-82.008133127463,36.5951085178101],[-82.0138501539126,36.5911128153818],[-82.0219851316093,36.5899858319662],[-82.0239864329261,36.5881655666639],[-82.0239932665305,36.5832477704545],[-82.0268142129881,36.580761554175],[-82.0324219519663,36.578872991608],[-82.0335626260515,36.5772473880297],[-82.0313154334423,36.5752324543542],[-82.0196423244809,36.5701916971974],[-82.0146493200051,36.569413038717],[-82.0125933757853,36.5710147355052],[-81.9998820497404,36.5669097237265],[-81.9763172561594,36.5632691558866],[-81.9500339865883,36.5378161056257],[-81.9305878979112,36.5539765053944],[-81.9315509753943,36.561899624338],[-81.9284294901497,36.5680810168374],[-81.9035669149027,36.581666396469],[-81.8982119020001,36.5800032168906],[-81.8881780791296,36.5812804645896],[-81.8760883107218,36.5871374071765],[-81.8740528500715,36.6013751082432],[-81.8605491937568,36.6064670582851],[-81.8506383212166,36.603495875328],[-81.8299491098768,36.6084273041906],[-81.826704677605,36.6144891668418],[-81.790449043982,36.6136045962392],[-81.6467994154682,36.6117568044339],[-81.6794008165007,36.5863721401122],[-81.6775019836823,36.5702219571362],[-81.6914018000226,36.5680362893383],[-81.6901586768703,36.5605947041297],[-81.6914359635536,36.551571915519],[-81.7023577440321,36.5362721185251],[-81.7083001709403,36.5360569729762],[-81.7079654909723,36.5240698427373],[-81.7028563723408,36.521085006262],[-81.7001993713494,36.500088741081],[-81.6970915528742,36.4964721075321],[-81.6950014786705,36.4673444024177],[-81.7166127934022,36.4564091646598],[-81.7140445795337,36.4464950187422],[-81.7177466449198,36.4445927924546],[-81.7150213299687,36.4364715934081],[-81.7217355912702,36.4339273257499],[-81.7176783514372,36.428630442752],[-81.7203490328456,36.4227222593477],[-81.7353007303642,36.4125144368924],[-81.7416666402525,36.4125451814431],[-81.7390506186827,36.3949230709372],[-81.7318240827315,36.394123919089],[-81.7280400577219,36.3902989600772],[-81.7345494124388,36.3792031896223],[-81.7224118499064,36.3601808589609],[-81.7234637311073,36.3545527140122],[-81.7221113285005,36.3386040222545],[-81.736181898281,36.340461876534],[-81.7538520812619,36.3367018360733],[-81.7594939681497,36.3397822972588],[-81.7647055452309,36.3384640622251],[-81.7792747278466,36.3477669160438],[-81.7900052473172,36.348016235933],[-81.7937209619088,36.3613557661961],[-81.8105919936422,36.3518138968176],[-81.833917727243,36.3463018987582],[-81.8536097043331,36.3360257788784],[-81.8649071493017,36.3291750294765],[-81.8666352356415,36.3260194448384],[-81.8752141919659,36.3177889762721],[-81.8762045970365,36.3155144968279],[-81.8940660320082,36.3071440204038],[-81.9080683039276,36.301509062961],[-81.9180201688926,36.2869366870285],[-81.8981164617386,36.2784022315661],[-81.8944485468637,36.2847612115513],[-81.8915729601999,36.2835010217303],[-81.884394248418,36.2636283286463],[-81.8883763614371,36.2573376516658],[-81.8814708564422,36.2515216628469],[-81.8813205896326,36.2478742960567],[-81.892003303497,36.2360511058126],[-81.8919759889602,36.2245386774796],[-81.8758289942438,36.2071453609482],[-81.8616901243589,36.1995944725912],[-81.8484801788563,36.2012507955787],[-81.8382346267575,36.1866510688529],[-81.824990527285,36.1925728987517],[-81.8133037508343,36.2018962073274],[-81.8009476037617,36.2015034493917],[-81.8154894858419,36.1787893907742],[-81.8295873852022,36.168663527906],[-81.8437126271353,36.1246731620128],[-81.8366227039489,36.1159167393722],[-81.8240138476624,36.0936978364785],[-81.8417523398835,36.0759357312526],[-81.8127506004808,36.032986919176],[-81.8639237735312,36.0135582723468],[-81.8651737356974,36.0071036633385],[-81.8683703545883,36.0001060510588],[-81.8742034994182,35.9919814459984],[-81.8814846878042,35.9759815356538],[-81.8795516957026,35.9698855117007],[-81.8827278274435,35.9565869698535],[-81.8689919450575,35.958461861365],[-81.8672023922596,35.9498454657648],[-81.8795107321155,35.938483319471],[-81.9104181734356,35.9380598855761],[-81.912952237732,35.9441456643594],[-81.9003775144036,35.9541383405593],[-81.9124399487056,35.9630689429308],[-81.9246663241824,35.9522771238051],[-81.944576865963,35.9474139959039],[-81.9483472244488,35.9609755129154],[-81.9569466623657,35.9636871446571],[-81.9780320367985,35.9442140572598],[-81.99207528343,35.9473184372183],[-81.9919250121005,35.9528851119799],[-81.9600886216388,35.9856601459102],[-81.9998687098064,36.0000823275922],[-81.9998686708747,36.0686856131352],[-82.0131947388013,36.0550763082377],[-82.0250249433056,36.0607796042738],[-82.0711299556855,36.0821686744288],[-82.0589923656906,36.1104255061787],[-82.0868671112247,36.1318589469786],[-82.1044348397186,36.1206573198373],[-82.1408407260156,36.1358888830817],[-82.1486819894433,36.1496484826167],[-82.1666868580147,36.1451234495945],[-82.1724653539194,36.1467046665272],[-82.1769870628658,36.1423503718928],[-82.1838106067804,36.143467131103],[-82.1875741396568,36.1510248358592],[-82.1935370574116,36.1486035114024],[-82.2027375674167,36.1566154356186],[-82.2137003173285,36.1589855559621],[-82.2218489549631,36.1558026589786],[-82.2364522911512,36.1645112794679],[-82.2400723995329,36.1431154477736],[-82.2579133351997,36.1461412833925],[-82.3499389526197,36.1837249936177],[-82.3685449088697,36.1420500962361],[-82.3943227461853,36.1304659839235],[-82.4272793075645,36.115757030404],[-82.4311999477018,36.1010036415348],[-82.4399496603265,36.092038916784],[-82.4574012620948,36.1030220218568],[-82.4759525627889,36.0900889202862],[-82.4887663475314,36.0819677403281],[-82.4836708948363,36.0631947222759],[-82.5088613140747,36.0617467370179],[-82.5129663728187,36.0510573617408],[-82.5219073329791,36.0472290039715],[-82.5175905342615,36.056661608248],[-82.5158214630615,36.0693625025503],[-82.57798469514,36.0786517577754],[-82.6024442755368,36.0398865620999],[-82.618154133277,36.0489127916402],[-82.6176145318338,36.0552854377372],[-82.6352368940772,36.0660636343758],[-82.6553523477747,36.0558933810951],[-82.6596213314146,36.0563339389677],[-82.6845590297827,36.0450947526805],[-82.6889031496844,36.0382678987793],[-82.715186431,36.0278449314753],[-82.7155689332976,36.0230876452636],[-82.7505950946864,36.0088363203538],[-82.7505950943795,36.0059641897613],[-82.764201200388,36.0039731816103],[-82.7761475245391,36.000100430764],[-82.7848289318223,35.9890934527136],[-82.7855461242104,35.9779054622538],[-82.7813386147035,35.9744186019695],[-82.776598334788,35.9745142192729],[-82.775109314335,35.9717786921068],[-82.7780258842831,35.9670077486189],[-82.7836950950194,35.9647025377357],[-82.7873356865724,35.952636860693],[-82.8004636663548,35.9442732042524],[-82.8059347979941,35.9372277820046],[-82.802567424504,35.929656417143],[-82.8221296167092,35.9219382303335],[-82.8287345854849,35.9331194003078],[-82.8330787035829,35.9334643340403],[-82.8414185884967,35.9422173433979],[-82.8515685223687,35.9496930923646],[-82.860851000535,35.947736230726],[-82.8738628618846,35.9524525518437],[-82.8892653549135,35.9485695599111],[-82.8928717931018,35.9452329748612],[-82.8988552004597,35.9452568884324],[-82.899592883238,35.92948578255],[-82.9045585651123,35.9261287084755],[-82.9133151035174,35.9297624254832],[-82.9200771737633,35.9290247645487],[-82.9203503893096,35.9270064186317],[-82.9139571590728,35.9245577563587],[-82.9143738136813,35.9152036945437],[-82.9070653154965,35.907246414002],[-82.9009453028121,35.8931760379513],[-82.9071404521931,35.8844674438847],[-82.9039984813191,35.8804922197111],[-82.8961025696001,35.8808303082336],[-82.9006174475437,35.8731530841649],[-82.911539215156,35.8685187555406],[-82.9201113343177,35.8688534498865],[-82.9216891510963,35.8624671433763],[-82.9189023588838,35.8593832708266],[-82.9207397310811,35.850172645543],[-82.9166073557345,35.8417406647759],[-82.9338882017925,35.8369663235652],[-82.9359441456349,35.8257578424884],[-82.94523345289,35.8253070559992],[-82.9621181393939,35.7995671815852],[-82.9604720204556,35.791128373148],[-82.9717216461175,35.7883860309024],[-82.9850408745461,35.7778503463989],[-82.9931280365205,35.7736292454678],[-82.9998696156795,35.7742610549819],[-83.0159005008725,35.7824369154891],[-83.0201899747831,35.7805381036898],[-83.0340078192405,35.7878465166379],[-83.0449910595929,35.785510575613],[-83.0519921927467,35.789953679125],[-83.0620055195911,35.7869210485153],[-83.0787194429549,35.7894687620438],[-83.0947161780203,35.7796468450231],[-83.0971068084937,35.7761668217651],[-83.1172085969448,35.7699308042571],[-83.1210404369742,35.7664610286716],[-83.1276727294861,35.7682437388837],[-83.1369756982151,35.7654262615468],[-83.1627125447015,35.7628034660533],[-83.1704718490106,35.7458917117798],[-83.1771246323622,35.7447408182754],[-83.1861885373931,35.7302196617169],[-83.1990979429595,35.7247759465472],[-83.2062766652236,35.7263708246444],[-83.2134553875307,35.7237787436954],[-83.2179497721941,35.7258346627433],[-83.24089299567,35.7270402342344],[-83.2431128668489,35.7226210480793],[-83.2501754730416,35.7203704803757],[-83.2558651732572,35.7150394559892],[-83.2767661156377,35.7133831397259],[-83.2749424060146,35.7195474613382],[-83.2762470072871,35.7294479494112],[-83.2810146078825,35.7326206180818],[-83.2790406311482,35.7573018199413],[-83.298035898674,35.7610994760761],[-83.3716400010263,35.755017202319],[-83.4134009004714,35.7366233181857],[-83.4696968351501,35.7230823612467],[-83.4812538259713,35.7169795225253],[-83.4960893960991,35.7136668564304],[-83.4986712758612,35.7048694627643],[-83.5028446330915,35.695880823641],[-83.5230010641095,35.6957339965398],[-83.5277823236492,35.6842318161482],[-83.5611555238651,35.6681431386107],[-83.5674394665108,35.6633721975524],[-83.5573578348502,35.6569278202244],[-83.5608618143327,35.6486870952502],[-83.5850413350224,35.6504083532815],[-83.6823673173419,35.6385989165528],[-83.7573238309343,35.6418160621916],[-83.7703015354599,35.6249828602558],[-83.7802533895241,35.6276330186318],[-83.805150102999,35.6464777807562],[-83.8188654948436,35.6553674013309],[-83.8149721839342,35.6623957513846],[-83.8170964319921,35.6690655191675],[-83.8015573384175,35.6902154529276],[-83.8223080158606,35.7037530843833],[-83.8653803424389,35.6818723420347],[-83.8710836985228,35.6615727661284],[-83.8808101499681,35.6640999790619],[-83.8942113406814,35.658253277801],[-83.9349066891041,35.6156665472747],[-83.9530891352626,35.5943424432946],[-83.9739969048736,35.5898105777465],[-83.9999113282945,35.5582888777685],[-84.0042076312624,35.5530842113388],[-83.999911325275,35.5512775980145],[-83.9942557763459,35.5504647894711],[-83.9974114049079,35.5379107434729],[-83.9930877748309,35.5270984096502],[-83.9999249774343,35.5247385570326],[-84.0068509741175,35.5224640816399],[-84.0107852654147,35.5124816358326],[-83.9999249697835,35.5047429201635],[-83.9935795520265,35.5001188153562],[-83.989413022965,35.4948492514632],[-83.9890851636556,35.4891459696226],[-83.9824665311462,35.4869363676274],[-83.979597777021,35.4923493591696],[-83.9763601830219,35.4998729059551],[-83.9750487526396,35.5022225205531],[-83.971770173164,35.5023898588273],[-83.9701718654011,35.5001290345019],[-83.9701377137646,35.5000436564107],[-83.9608688949187,35.4907783748312],[-83.9525085184995,35.4892278931585],[-83.9445374738273,35.490836413889],[-83.9383764769347,35.4869021675559],[-83.9441208176318,35.4802972957515],[-83.9645709504813,35.4724356692812],[-83.9653291200311,35.4663977051632],[-83.9612855390639,35.4637543830564],[-83.9616748689237,35.4592361550524],[-83.9647553646484,35.4548306298078],[-83.9707660927665,35.4558961595814],[-83.9726854250317,35.4481096450116],[-83.9793245469254,35.4478671777025],[-83.9839077238852,35.4407397882366],[-83.9929238148634,35.4383901824583],[-83.9981900310238,35.4338036574543],[-84.0002186481303,35.4250165071583],[-84.0152864447038,35.4119399572308],[-84.0228886493484,35.4117657938176],[-84.0212971696878,35.4039997659789],[-84.0079506174123,35.390335780941],[-84.0111130773962,35.3848579021035],[-84.0079027979878,35.371508120251],[-84.0229979141789,35.3547227297812],[-84.0379564272198,35.3494702626853],[-84.0341245868352,35.3432786111091],[-84.0367269562157,35.337271384964],[-84.0318295790611,35.3371142824751],[-84.0290769377906,35.3328248649265],[-84.0332639531418,35.3248812562057],[-84.0355931046344,35.3116851623371],[-84.0276220599609,35.3099400173382],[-84.0219460184729,35.3017744137793],[-84.023407715643,35.2965390067691],[-84.0367337688224,35.2884656332015],[-84.0407773452196,35.280197585697],[-84.0526143757082,35.2693920992181],[-84.0818756860596,35.2614553474584],[-84.0824357750167,35.2562882433469],[-84.0980226796666,35.2475489193232],[-84.1067928782186,35.2512338641434],[-84.1139306165214,35.2490823342172],[-84.1248182295538,35.2495877863316],[-84.1272225165538,35.2406059731914],[-84.1374749067571,35.2455306149814],[-84.1581982545233,35.2460360779801],[-84.1608689293978,35.2430000222012],[-84.1662307676892,35.2354389103078],[-84.1731567580656,35.2212490144389],[-84.1690858544198,35.2162697370419],[-84.1523992586683,35.2217373569062],[-84.1074963915568,35.2129399094571],[-84.0883440367459,35.2305039488127],[-84.0691848353391,35.2082474659432],[-83.9997950929312,35.2195788206624],[-83.992889587545,35.2204701648622],[-83.9709640917395,35.2117547054554],[-83.9836480868505,35.198367373706],[-83.9995150336963,35.1798300152215],[-84.0310576762681,35.1424206143259],[-84.0258939105419,35.1293850221762],[-84.0180594704416,35.116912923961],[-83.9997472498642,35.1301363230738],[-83.9979372013142,35.1309218034127],[-83.9971585410589,35.1354878441502],[-83.9867832078204,35.138448758459],[-83.9784160042965,35.1457434861588],[-83.9771045719981,35.1416316571997],[-83.9803968056189,35.1264752722173],[-83.9870564123759,35.109064898944],[-84.0001365710302,35.1035802002769],[-84.0061541276056,35.1001821429696],[-84.0151155701684,35.0887482664733],[-83.9999248233535,35.0856336416587],[-83.9957992788301,35.0845954352347],[-83.9861821217575,35.1019204268091],[-83.9712577636197,35.1113837616119],[-83.9420237775156,35.1193410036787],[-83.9387315429433,35.1330083879188],[-83.9340185876839,35.1377690869499],[-83.9046684801369,35.1314168942706],[-83.8908369740123,35.1190677346945],[-83.9080836541592,35.0960258088719],[-83.9257948058312,35.0922077023065],[-83.9251390856395,35.0754803493169],[-83.9108840939905,35.0537532152801],[-83.8936647354082,35.0787486023058],[-83.8613161015637,35.0927882041717],[-83.7777533396814,35.0937716692075],[-83.7651922862992,35.0908141433869],[-83.7299544018855,35.0961997780614],[-83.6846280595841,35.1052874120579],[-83.6258322234106,35.0998367817871],[-83.6145552771488,35.0842671471236],[-83.6282979811555,35.0666245532675],[-83.6104638799847,35.0565088884004],[-83.6142820568706,35.0497230106946],[-83.6082440077282,35.0480154345944],[-83.6061539138286,35.0420696739683],[-83.5529794704082,35.0113743369712],[-83.5540313455288,35.0001829255851],[-83.5552334895092,34.9887558695801],[-83.5478840071175,34.9646962017199],[-83.5736618252943,34.9548879510208],[-83.6277446947852,34.9196437718845],[-83.6266723244705,34.9097091288318],[-83.6305588034158,34.8943922312801],[-83.6442058831183,34.8907278025615],[-83.655475992049,34.8784640479264],[-83.6543899607321,34.86513817077],[-83.6601138091312,34.8541209362513],[-83.6587477303259,34.8301398223712],[-83.6518490551284,34.8223328038157],[-83.6667460893562,34.8063977783182],[-83.7102009018611,34.7906676936695],[-83.7384376553837,34.8018044980528],[-83.797609150976,34.7889773001992],[-83.8118231531588,34.7934443189692],[-83.8236533512706,34.7818601780554],[-83.8300260811381,34.7586269874489],[-83.8769302322664,34.7562022907635],[-83.9103034194955,34.7497955262268],[-83.9070453280574,34.7319582456809],[-83.9223590173927,34.7293525105384],[-83.9389636506794,34.7413225957954],[-83.98569020383,34.7135746347827],[-83.9961406585937,34.6778659404063],[-83.9995148607483,34.678166476231],[-84.0074039370381,34.6736414248038],[-84.0151632375734,34.6733750520347],[-84.0180593128728,34.670403883165],[-84.024281780287,34.6704073056028],[-84.0290357141479,34.6612786411211],[-84.028311693467,34.6561969113836],[-84.031200938002,34.6519177440194],[-84.0446226185856,34.6594174065433],[-84.0859463601163,34.6674771839997],[-84.1397491977188,34.7005938573946],[-84.1498171636383,34.7013930120494],[-84.1556502791913,34.6511187383476],[-84.1613877849042,34.6398317063605],[-84.160827692395,34.6344528594685],[-84.1768790626721,34.6352964170439],[-84.1859088087499,34.6294770278787],[-84.1939618152744,34.629955156463],[-84.1977185199556,34.6329980502308],[-84.1941189176082,34.6380797750445],[-84.1980941948478,34.6425911797159],[-84.2026500512455,34.6416725124513],[-84.2296641709981,34.6575666039991],[-84.2344317729547,34.6653702050688],[-84.2424437994459,34.6703289969612],[-84.2405381282448,34.6737680412684],[-84.2466308188637,34.6769441285365],[-84.2491717197261,34.6829650232378],[-84.2576550412696,34.6870768614414],[-84.2600251851315,34.6992074416215],[-84.252504955614,34.7177379847899],[-84.2616576521688,34.7177516548227],[-84.261145378328,34.7252171507953],[-84.2972917043166,34.74122736691],[-84.2770669838218,34.7527397819697],[-84.3133089543253,34.8047387431417],[-84.3150165477039,34.8070473798086],[-84.3211912015582,34.8051861343966],[-84.3284040734455,34.8067775973237],[-84.3345172577654,34.8118968987249],[-84.330692252792,34.8177401998046],[-84.3771592710781,34.8316535294115],[-84.417731682434,34.8496581900123],[-84.419275347059,34.8526327778564],[-84.4224651313293,34.8546169776832],[-84.5467983694659,34.8549210554856],[-84.6232507083772,34.8553616876826],[-84.6238927451123,34.8259129365796],[-84.7545713955292,34.8259062394645],[-84.7540181375053,34.8285666334596],[-84.7571805986765,34.8280475351479],[-84.7620369929248,34.8287749650923],[-84.7627473496251,34.8262306868171],[-84.7676447252707,34.8261862946539],[-84.8175747040728,34.7823632690294],[-84.8246782830904,34.7736444240379],[-84.8284349844155,34.7704410262766],[-84.8326834697346,34.7633409544106],[-84.8422596429102,34.7541952187803],[-84.8454016093264,34.7481060270041],[-84.8464944647515,34.7431301691676],[-84.822615488912,34.7425085900594],[-84.8221783420989,34.7373380670898],[-84.8207234678369,34.7302687259043],[-84.807008084065,34.7307092651407],[-84.7433080128251,34.6746599209975],[-84.7301526960733,34.6394361517577],[-84.7125439868153,34.6159980259238],[-84.7217991200056,34.5887930267475],[-84.7310132299217,34.4996886072738],[-84.7235885988119,34.4707555284766],[-84.7201255970388,34.4642360217386],[-84.7225435472145,34.4621152217057],[-84.7205695562081,34.4420068718457],[-84.7217511915768,34.4128279113339],[-84.7341278206734,34.4126230153837],[-84.7344556670739,34.3964694001613],[-84.8843344630931,34.3981498008871],[-84.9550219563154,34.3983991764754],[-84.9552746741256,34.3910327185866],[-84.9533621650046,34.3837789572295],[-84.9709981793917,34.383874599218],[-84.972801402037,34.3910634722135],[-84.9723369423835,34.398385532823],[-84.9808339221659,34.3985255627106],[-84.9811959263842,34.3918045661629],[-84.9790648459763,34.3845712952595],[-84.987835039899,34.3840009759069],[-84.9903554521321,34.3913674368249],[-84.9905330468297,34.3988431803777],[-84.9977254265908,34.3988534328945],[-84.9974248931516,34.4029652612138],[-84.9999111470523,34.4027842618794],[-85.0059901767441,34.4034946164614],[-85.0565417630509,34.4315500467751],[-85.0613981566365,34.4317037333959],[-85.0652846341964,34.4291697020674],[-85.0822102899147,34.4291014159128],[-85.0891021305158,34.4265503124852],[-85.1832109302899,34.3896771297861],[-85.1946859545409,34.3946461703297],[-85.2017485586555,34.396565485963],[-85.2070011149902,34.3997893839608],[-85.2152658653745,34.4027127521347],[-85.2180048491246,34.4096318297477],[-85.2205457488748,34.4115204050148],[-85.224876198358,34.4066572489727],[-85.2315289782561,34.4064864985256],[-85.2415627991837,34.4159908445695],[-85.241323730168,34.4092561867113],[-85.2497455749183,34.4086858661401],[-85.2494586943061,34.4026376515518],[-85.2528260673128,34.4032557952609],[-85.2644308609297,34.3989766354207],[-85.2661657726174,34.3961113340194],[-85.334039131094,34.3714540817095],[-85.3602403976859,34.3396079190355],[-85.3645503599518,34.3387609680125],[-85.4135309443683,34.3458406006071],[-85.3934906597032,34.3653649413318],[-85.3603838810479,34.3878331210426],[-85.2901745978982,34.4806360864793],[-85.2771969132975,34.4998155035759],[-85.2677300331423,34.5140702911974],[-85.2489123954898,34.5484709826471],[-85.2497661991494,34.5569337016347],[-85.2465286065318,34.5597614348181],[-85.2470204014329,34.5688832748866],[-85.2402651829828,34.5887798765399],[-85.2377174603111,34.5951832622031],[-85.2870054112108,34.5957536372303],[-85.294607611492,34.5941416982916],[-85.2968821197709,34.5887594390101],[-85.3010759557908,34.5768508485969],[-85.3063763153249,34.568316417455],[-85.3157202618004,34.5689038308386],[-85.3146478907888,34.5652052328072],[-85.3204195481648,34.5598366370636],[-85.3278509916908,34.5603284243438],[-85.3282334643034,34.530531324869],[-85.3318125784163,34.5305244977453],[-85.3482942312672,34.4998224009008],[-85.3499198582495,34.4986612541854],[-85.3539019629787,34.4974966954311],[-85.3548445514643,34.4951197579711],[-85.3595301897462,34.4991667039877],[-85.3687580062461,34.4856359260945],[-85.3654794289428,34.486151609152],[-85.3659643747204,34.4754109926856],[-85.3647007539113,34.4725935008397],[-85.3738944241062,34.4640044308377],[-85.3988799151878,34.4636561098258],[-85.4053414373598,34.4550431312115],[-85.4160309632331,34.4527106000035],[-85.4155187112602,34.479819985005],[-85.4118713140276,34.4997780630782],[-85.4028416089736,34.5460088107625],[-85.4422186919583,34.5465211181387],[-85.434944356616,34.5544886336992],[-85.4352790477926,34.558569726878],[-85.4391450376046,34.5579925713158],[-85.4376765089179,34.5598333307957],[-85.4395890143833,34.5617526414932],[-85.430074308975,34.5613120801845],[-85.4229434079161,34.5668070338607],[-85.4204093495255,34.5752390135982],[-85.4120216691654,34.5903407556789],[-85.4633792419,34.6110809502462],[-85.4590761113709,34.6133554292652],[-85.4589805005609,34.6273267681836],[-85.4647180138629,34.6305677414705],[-85.4635022671643,34.6893388879531],[-85.455449268692,34.6982865476885],[-85.4562689287324,34.7136000363142],[-85.4477241409182,34.7196755624626],[-85.450155763374,34.7304639921187],[-85.438469004291,34.7349548911925],[-85.4219258715299,34.7606264830135],[-85.4230597233118,34.7704655021779],[-85.4292685282232,34.7688774682111],[-85.4326768991634,34.7848125144578],[-85.4221922930014,34.7976944120338],[-85.4209560054554,34.8078305462647],[-85.4179506478024,34.8135713936894],[-85.4004922431537,34.8373305058542],[-85.4002736847055,34.8506119847578],[-85.3875896970431,34.861888764389],[-85.3799533722585,34.8930792287902],[-85.3837852115093,34.8944008914102],[-85.3793318175219,34.9031504749142],[-85.4045905184309,34.891501456949],[-85.4251362667136,34.8835851820852],[-85.4412081344095,34.8879121785071],[-85.4412764508796,34.900923860917],[-85.4396371666811,34.9064290649054],[-85.4199657142978,34.9222411432306],[-85.4024048412814,34.9335145030294],[-85.39855935283,34.9444941740565],[-85.3835667033245,34.9599374211295],[-85.3667776730395,34.9831671855611],[-85.4019335928877,34.9828564398691],[-85.4026234563441,34.9784816468846],[-85.408839094263,34.9785704460529],[-85.4083541420032,34.9829418244834],[-85.4568771004535,34.9831604376325],[-85.4559549973747,34.981155749433],[-85.4616446952623,34.9790178777396],[-85.4690966340691,34.9828018589343],[-85.4965478959329,34.983228775994],[-85.4970396803006,34.9802063779054],[-85.5001270077598,34.9805137432722],[-85.4995669201362,34.9831194946538],[-85.6055811146468,34.9847383648543],[-85.5810667675787,34.8475214470803],[-85.5534446067339,34.7113632074686],[-85.5252145508868,34.5792348232951],[-85.5131042486203,34.5235850999011],[-85.5080019381991,34.5001230804961],[-85.4782213905621,34.3634764465921],[-85.4503055384532,34.2278714227172],[-85.4238035764076,34.0931065136138],[-85.4062631019664,34.0001702555897],[-85.3990570288422,33.9639355981676],[-85.4078340523115,33.9644239716681],[-85.4080936022829,33.9602540835846],[-85.4253402828187,33.9608346743516],[-85.425579341744,33.9567569950737],[-85.4953242309989,33.9566990026452],[-85.496020914288,33.9425364114128],[-85.5304323084629,33.9416758279758],[-85.5294624109077,33.9561594421812],[-85.6672992484901,33.9642534524026],[-85.6692595545375,33.9549027972165],[-85.6787674060856,33.9350608332611],[-85.6824626203031,33.9208333565332],[-85.6887328920157,33.9157721223524],[-85.706826532245,33.9110626589431],[-85.7179122116311,33.9032351637699],[-85.7277342677026,33.8914836708437],[-85.7308420683236,33.8755520375759],[-85.7328775133772,33.8718636866752],[-85.7339498729484,33.8645040568575],[-85.7487307678357,33.8443410735212],[-85.762357337974,33.8321046330012],[-85.7856147529836,33.843343884948],[-85.7894056072764,33.8438015172336],[-85.7942961545852,33.8470083400243],[-85.8013314336209,33.8471483672236],[-85.8060853658587,33.8439381377],[-85.8136602408709,33.8410967469297],[-85.8394312403611,33.8595897619022],[-85.8383179033112,33.8713241875391],[-85.8640888985164,33.8858932040111],[-85.8641298852222,33.8902953223292],[-85.86951221372,33.8883418659003],[-85.8831934544877,33.9005988211503],[-85.8891358781779,33.9036212264006],[-85.8935414637431,33.9018316961509],[-85.8977831268709,33.9053561256169],[-85.8966083082822,33.9100792652253],[-85.8992994914843,33.9249351332182],[-85.8991697356952,33.943294934674],[-85.8816156886315,33.943260768091],[-85.8813561432749,33.9502310716134],[-85.8458109072701,33.9502890975886],[-85.8457631032634,33.9576726338976],[-85.8148283547207,33.9480282463596],[-85.740595899701,33.9358429557265],[-85.7366616655875,33.9894060312835],[-85.7426382501594,34.0003891314026],[-85.7968714981951,34.1100698578923],[-85.7900957845524,34.1207216776786],[-85.7907788257801,34.1250828134445],[-85.7964207149899,34.1290648731449],[-85.8113382367097,34.125455081475],[-85.8341994629126,34.1096259221595],[-85.8413918420637,34.1104079959588],[-85.8440285035518,34.2318504155427],[-85.8563095067764,34.232045088715],[-85.8561387598334,34.2423793048462],[-85.8971278267381,34.2606503447313],[-85.8966633465542,34.2482977793038],[-85.9386973798046,34.1995944902033],[-85.9997130663429,34.1995877118278],[-86.0248214687629,34.1716723706135],[-86.0349304028053,34.1618026209532],[-86.0486662644324,34.1541902829592],[-86.0503192016592,34.1442044119712],[-86.0565689842253,34.1398808487408],[-86.0628734124507,34.1386821392751],[-86.067634175875,34.1350825846212],[-86.0782622252203,34.1318040577704],[-86.0865611246404,34.132671510735],[-86.1007068273525,34.1397681859497],[-86.1110821641237,34.1447508854556],[-86.1072093618769,34.1585139005911],[-86.1123048225118,34.1627623403585],[-86.1161708117088,34.1628955346094],[-86.1181789470052,34.168243646698],[-86.1202212282792,34.169029131352],[-86.1264983523874,34.1807669759848],[-86.1232061212837,34.1864770889184],[-86.1458829466253,34.186794716679],[-86.1459922056397,34.1653442150728],[-86.1513540441359,34.1651188203512],[-86.1511832923588,34.1702278714071],[-86.1534987885315,34.1718090833698],[-86.1554591016355,34.1694355618662],[-86.1556093639707,34.1649514819244],[-86.1612990612942,34.1647943904608],[-86.1614561683254,34.1716144269077],[-86.1695774776206,34.17176128472],[-86.1695160003976,34.1686227706868],[-86.1747685533859,34.1683973750796],[-86.1747617357135,34.1777412014758],[-86.1723779366623,34.1777787661126],[-86.1721593711896,34.1828878165527],[-86.1748573663788,34.182228696476],[-86.177780767274,34.184332425718],[-86.1813325555994,34.1820852663756],[-86.1843515800685,34.1831166411895],[-86.1867763605706,34.182662429318],[-86.189112348141,34.1836972187219],[-86.1939823984207,34.1813236997731],[-86.1967350322211,34.1779119766642],[-86.201714368765,34.1758833867647],[-86.303152074301,34.0990427943679],[-86.3054812344278,34.1022291232257],[-86.3113621883579,34.1065731875018],[-86.3132746994442,34.1120988871907],[-86.3212184217839,34.11500517896],[-86.3237729845795,34.1184613037091],[-86.3675147268365,34.1625917918284],[-86.3672141948124,34.1652077894307],[-86.3642361530676,34.1651633906503],[-86.3643591112318,34.1728781941288],[-86.3755950684865,34.1736431950093],[-86.3758409585875,34.1711262361671],[-86.4061268578083,34.2020469468963],[-86.4442267230174,34.2486773111576],[-86.4835013477655,34.2503814976236],[-86.4831666741138,34.2599063251946],[-86.486014937747,34.2598619305682],[-86.4914450778725,34.2572903332462],[-86.492503781718,34.2555349520729],[-86.4911855191098,34.2540083824615],[-86.4956457447319,34.2506137361217],[-86.4989106585158,34.2486124666307],[-86.5102695694913,34.2536702986008],[-86.5163212758932,34.2528540847698],[-86.5188621698923,34.2506513211851],[-86.5199686843554,34.2468161185582],[-86.5253168499391,34.2377625837536],[-86.5224002761054,34.233514146827],[-86.52427861708,34.2259598566681],[-86.5276186689361,34.227161988278],[-86.5291964814222,34.2249045816101],[-86.5338274705481,34.2240986121296],[-86.5400226183519,34.2260657381873],[-86.5382672089906,34.2232277542142],[-86.5427479205154,34.2160149804317],[-86.5470920360683,34.2160593799779],[-86.5428503696068,34.211664090582],[-86.5496738999816,34.2054553698282],[-86.55409314854,34.2054519580054],[-86.5483897806516,34.199014412999],[-86.5565657239279,34.1932496615959],[-86.55452343575,34.1876590733799],[-86.5455210079066,34.1868872449607],[-86.5499402482592,34.1809312422083],[-86.5574468205277,34.1783801380621],[-86.5635258382194,34.1709658716585],[-86.5681021842485,34.1700232956871],[-86.5739489729901,34.1654504263571],[-86.5751306154095,34.1578346631106],[-86.5825893723162,34.1539516535334],[-86.5841535213603,34.1498125035049],[-86.5841740059027,34.145557238094],[-86.5891670078769,34.1469232979251],[-86.5910999990871,34.1450449721266],[-86.5875618572553,34.1373233355126],[-86.5988182991821,34.1332627416051],[-86.6041664630725,34.1233588357818],[-86.599180290298,34.1207804005694],[-86.6055393591794,34.1178707051711],[-86.6122945871288,34.112987058463],[-86.6155048660707,34.1170271732484],[-86.6218161361281,34.1230924687225],[-86.6405176704999,34.1125089605262],[-86.6383729244902,34.106190947548],[-86.6444519557316,34.1082297913459],[-86.652764514722,34.1077892447159],[-86.6555649436224,34.0933090483981],[-86.6697516046782,34.0829338603321],[-86.6720602778516,34.0885415242164],[-86.6870870739121,34.0789552336461],[-86.6886375810108,34.0875204092991],[-86.6877496401591,34.0923425880615],[-86.6919776389059,34.0925645753785],[-86.6957753148661,34.0865641753021],[-86.7040878660532,34.0813629217431],[-86.6840885076866,34.0562752787584],[-86.6865132813439,34.0512345325604],[-86.6963490232843,34.0583072968068],[-86.6957957671078,34.0611282035454],[-86.7034389469337,34.0592532965562],[-86.7094496513024,34.0459684015037],[-86.7000305601945,34.0372666146421],[-86.7098662772975,34.0283326124001],[-86.7197429963308,34.032727906967],[-86.7250570081149,34.022564450169],[-86.7229532464248,34.0172095072938],[-86.728369726931,34.0161132513249],[-86.7432599189529,34.0085828759319],[-86.743444333906,34.0054443610511],[-86.7405619103595,34.000195286657],[-86.7615038127442,33.995301404569],[-86.7574670571616,33.9905646002908],[-86.7629859861188,33.9847008071646],[-86.7622687821247,33.9744963636899],[-86.7754445613263,33.9732908285121],[-86.7768447817531,33.9704699232626],[-86.7705061972331,33.9686359870838],[-86.7723913738984,33.9654428313318],[-86.783087736468,33.9690936256216],[-86.7861750579893,33.9655111449277],[-86.7940299763522,33.9625024106631],[-86.7881900065943,33.9593775521472],[-86.7905123237981,33.9538825911718],[-86.7950545168703,33.952595086758],[-86.8030323916293,33.9555047928889],[-86.8099515517187,33.9536367156628],[-86.8208596570599,33.9581037290395],[-86.8242338511687,33.9529332075061],[-86.818407529389,33.941690557432],[-86.8238786555647,33.9429131819573],[-86.8369041808245,33.9508841312716],[-86.842067938135,33.9496137028756],[-86.8609333921612,33.9348363997143],[-86.8593623967133,33.9286208408626],[-86.8780161458104,33.9364517741796],[-86.8856183410827,33.9333713219543],[-86.8830501063382,33.9234093529811],[-86.8869775573362,33.9168283779877],[-86.8948802930763,33.916541511792],[-86.9092582127723,33.9130102659305],[-86.9160407736412,33.9161624467347],[-86.9224476501161,33.9101586322777],[-86.9258355089586,33.9081095500116],[-86.9276728611472,33.8973381953702],[-86.9214025803178,33.8959004157684],[-86.9205760836312,33.8819119956932],[-86.9244420639187,33.8768234378021],[-86.9201594166392,33.8731999691509],[-86.9245035298714,33.8722334872415],[-86.9325496951715,33.8672815381119],[-86.944297927158,33.866724877904],[-86.951968439032,33.871905653313],[-86.9529656680198,33.8686305339008],[-86.9473715854514,33.8619710035608],[-86.9508960544912,33.8613392049804],[-86.9549464693688,33.8651778263766],[-86.9638805943969,33.8677186986181],[-86.9604585727776,33.8633643905121],[-86.9595569564082,33.8580333536289],[-86.9744881455894,33.8607005906664],[-86.9931145575466,33.8598434029682],[-86.9958125682689,33.868890115381],[-87.0001293635472,33.8702834956788],[-87.0070143701536,33.8676879929302],[-87.0071715035515,33.8892887635183],[-87.0917929383464,33.8900640604706],[-87.0901741447624,33.8928269093686],[-87.1012325212945,33.8988068296303],[-87.0971684577389,33.9022117229406],[-87.0822987533762,33.9066172446786],[-87.0856183340141,33.9189595685996],[-87.0961781042053,33.931455578771],[-87.1055425470308,33.9359772322167],[-87.1060753314135,33.9454405895409],[-87.1126188349503,33.9515468673221],[-87.1097910712321,33.9568881460652],[-87.1199888241781,33.9642238768636],[-87.1358216203339,33.9655079811681],[-87.1400291361623,33.9708560955565],[-87.1379527151355,33.9769691972408],[-87.1479250789909,33.9920026560155],[-87.1632524411107,34.0008069012539],[-87.1695090668728,34.0052568345877],[-87.189877222282,34.003040421589],[-87.1916599430926,34.0001375528249],[-87.2026977919127,33.9847796699825],[-87.2163517152482,33.993976654761],[-87.2876675959806,33.9952437206065],[-87.2869982288331,34.0001068815641],[-87.2871076420713,34.0718726590613],[-87.341552511441,34.0715789932973],[-87.3414706491291,34.1277717248339],[-87.343465260927,34.2075323437463],[-87.3414573368885,34.3206725409378],[-87.3480076511023,34.3150648842248],[-87.3518941695238,34.3362319287866],[-87.3238829158486,34.387134580795],[-87.364188924659,34.3850138052323],[-87.4107720864736,34.4067204681824],[-87.41083357691,34.4162077287097],[-87.4412833535605,34.4093740520876],[-87.4677305086676,34.3891393614965],[-87.5316354465958,34.3881934083845],[-87.5398660951654,34.4158662968147],[-87.5866950838994,34.4013007517104],[-87.611571301915,34.4068879371712],[-87.6273426010813,34.3939479791515],[-87.6677100897571,34.395126227534],[-87.713610191358,34.4034352919527],[-87.7354264194625,34.4166518990871],[-87.7535883510141,34.4054195126147],[-87.781838788551,34.4191893756769],[-87.806626194165,34.4155556810421],[-87.8418299293465,34.4196880219866],[-87.8581476759755,34.4156410898964],[-87.8698959173648,34.4182024519425],[-87.8911452167151,34.4271535475883],[-87.9261508551276,34.4231237018377],[-87.9470313309215,34.4396495783613],[-87.9724744362778,34.4288031064192],[-87.9889492566788,34.4134827962003],[-87.9997890637346,34.4177961243887],[-88.0297334312249,34.4296603387821],[-88.0394188547118,34.4102794225378],[-88.069247147381,34.4417362971159],[-88.0972653203499,34.4390178609442],[-88.1155228538009,34.4179771906278],[-88.1463278228727,34.4177244877327],[-88.1461433829313,34.4086231376424],[-88.1632056477237,34.4088656223771],[-88.1632534521476,34.4052250822278],[-88.1683693044007,34.3616922895828],[-88.1914623943917,34.1828413842097],[-88.2089068564194,34.0444530499103],[-88.2142207855535,33.9999298570786],[-88.2336597115696,33.8604418348209],[-88.244055386706,33.7940788102215],[-88.2443422318213,33.7798171792352],[-88.2513978801456,33.724003522843],[-88.26713475996,33.5919570719481],[-88.2794155584879,33.4991574234683],[-88.2914299619077,33.4017917248136],[-88.3079933079896,33.2669516642756],[-88.3246249562197,33.1322003882071],[-88.3406418744914,32.9988868765083],[-88.3478477570041,32.9287978976169],[-88.3570344320554,32.8520186524453],[-88.3724229493878,32.7164545407887],[-88.3894507469747,32.5775572401231],[-88.4692840501852,32.5775811904236],[-88.581609397671,32.5776632143447],[-88.7476828853648,32.5770349132986],[-88.9144120888025,32.5766388395975],[-88.9150404602578,32.567404290957],[-88.9316040952695,32.5675545652508],[-88.9317202339165,32.5768130199451],[-88.9664936208327,32.576512504247],[-88.9662203620367,32.5585488480534],[-88.9491990933452,32.5585625000462],[-88.949246800626,32.5147257138327],[-88.9317405760025,32.5148042538454],[-88.9318429956336,32.4999996047858],[-88.9319522479239,32.4858233418516],[-88.9658650067493,32.4853213321783],[-88.9655507056213,32.4421334208134],[-88.9884187648099,32.4419729204295],[-88.9837673183492,32.4549641258126],[-88.9978720643479,32.4726170123463],[-88.9999826594858,32.4777977867087],[-89.0056313764324,32.4803113351761],[-89.0064783544366,32.4854818630991],[-89.0189574303179,32.4855433421793],[-89.0188686306798,32.4833439895149],[-89.0444551762337,32.483183489437],[-89.0445371112201,32.4713056184372],[-89.0628834700552,32.4712646452915],[-89.0666265161484,32.4736859840291],[-89.0664216155911,32.4778968572653],[-89.0642563977221,32.481308584553],[-89.0684434325128,32.4897474070637],[-89.0681224149157,32.4936372556951],[-89.0754855636116,32.5000440695252],[-89.0810796472748,32.5062732942639],[-89.0807654619311,32.5106276027876],[-89.0837913179611,32.5125708208282],[-89.0839484580507,32.5296192199695],[-89.101809862762,32.5298207208797],[-89.101946490948,32.5382527118567],[-89.0968032266838,32.5383688239535],[-89.0966871198521,32.54210840613],[-89.0923225154928,32.5418488537115],[-89.0923225367205,32.5503730528053],[-89.0982649555957,32.5508648355609],[-89.0978961452207,32.5626744027697],[-89.0926982387369,32.5631559359001],[-89.0927938883653,32.5730803442],[-89.0968101431501,32.5731110821677],[-89.0971038574648,32.5768643252671],[-89.1060994481255,32.5767584596473],[-89.1060448405853,32.5911498758931],[-89.1105255609951,32.5914743164773],[-89.1107441535667,32.6001556119193],[-89.1145623267882,32.5996433417864],[-89.1146169852429,32.6058247525873],[-89.1192548032455,32.6058281690103],[-89.1196031664065,32.6117841806427],[-89.12798402326,32.6115451240824],[-89.128926659948,32.6299800697414],[-89.1467880659524,32.630587973722],[-89.1474710776228,32.6205645270409],[-89.1413715624013,32.6208104152963],[-89.1412895913595,32.6184471352229],[-89.1377856137654,32.6183002824814],[-89.1381202733765,32.6068868721416],[-89.135490582855,32.6067980776637],[-89.1354291040905,32.6045065157289],[-89.1291041845686,32.6041547534181],[-89.1281478654847,32.5768267724402],[-89.1458385107591,32.5768609322476],[-89.1459682457296,32.5602018606128],[-89.1684879574926,32.5597066750917],[-89.1681259127494,32.5453664860056],[-89.1762335547167,32.5450113151717],[-89.1782484397281,32.5159757630222],[-89.2123661070799,32.5143057722148],[-89.2108019298716,32.5048116716262],[-89.2130149566413,32.5004812706721],[-89.2095792731315,32.4964992111763],[-89.209886623677,32.4902051010271],[-89.2027693840698,32.4902460793493],[-89.2025985777234,32.4716198848504],[-89.1939171857666,32.4719818856487],[-89.1940878587553,32.4379568061242],[-89.1991491487065,32.4337800871782],[-89.2002010173031,32.4308977062568],[-89.219660711778,32.425358351258],[-89.2327750129303,32.4259457622118],[-89.239099925132,32.423893263188],[-89.2488263816275,32.430754291564],[-89.2526923636306,32.429142345874],[-89.2572413941986,32.4319222748946],[-89.2656700572395,32.4294292237888],[-89.2709089196145,32.4189105821537],[-89.2761409724016,32.416335565845],[-89.2764688106479,32.4088051735579],[-89.2814754562839,32.4042152216903],[-89.2788867351209,32.3989149168911],[-89.2703146086563,32.3913879357196],[-89.2640170125225,32.3911761940027],[-89.2673775407198,32.3867979810566],[-89.263586651726,32.3726422070571],[-89.2607998552117,32.3695412547972],[-89.2623298340251,32.3603579323961],[-89.2603421876778,32.3563827037757],[-89.2621044056809,32.3500373669057],[-89.2591468534917,32.348264906286],[-89.2597820677102,32.3445765507008],[-89.2585184362655,32.3389996197392],[-89.2625688215068,32.3305915360161],[-89.2719537463207,32.3323947369214],[-89.2714619419024,32.3250760819029],[-89.305340548474,32.3252502695984],[-89.305661589468,32.3308545209939],[-89.3211733464078,32.3307862252811],[-89.3212143559673,32.3415849114164],[-89.3142747077358,32.341994725089],[-89.3142200957493,32.3544190202044],[-89.3225668004447,32.3540296973565],[-89.3226214732856,32.3657641323226],[-89.3431603784469,32.3657197447676],[-89.3427846805771,32.3547161494088],[-89.3495672317325,32.3547605493442],[-89.3495877054302,32.3479439215801],[-89.3365075555623,32.3470252426265],[-89.3301894582567,32.3430875782587],[-89.4438330572894,32.3424899765604],[-89.4446391394179,32.3803297736122],[-89.4734291247186,32.3803844280092],[-89.4735042669743,32.3833624334436],[-89.4901840170164,32.3836766337771],[-89.4903889685932,32.399027706985],[-89.473326720073,32.3995365563121],[-89.47214527684,32.4795738702272],[-89.463252142037,32.4797036423148],[-89.4624940240749,32.4996856486749],[-89.462173002678,32.5018645100539],[-89.4459986984117,32.5016015376829],[-89.4457665418251,32.5305926936129],[-89.4550148569931,32.5309171356121],[-89.4551106883719,32.6093185910553],[-89.4639969917365,32.6088882869092],[-89.4645092214388,32.5909690278204],[-89.4716128011586,32.5906958192099],[-89.4741878019058,32.5731385660674],[-89.5365490339819,32.5731112707596],[-89.5368700684814,32.5759936519159],[-89.5753933269152,32.5759970818872],[-89.5755094238628,32.5687569774719],[-89.6002831570359,32.5685452485081],[-89.60068612884,32.5612095195926],[-89.6098319875045,32.5613392986848],[-89.6103646562566,32.5243259704742],[-89.6273517732279,32.524080086466],[-89.6271195062117,32.5113894122663],[-89.6443593454958,32.5107200509182],[-89.6442705215875,32.499904289857],[-89.6448509915939,32.4589225632446],[-89.6073044762443,32.4584956562158],[-89.6077279193546,32.4436671010927],[-89.6034589415825,32.4437354022971],[-89.6037115078502,32.3850768889432],[-89.6448576238853,32.3856028369723],[-89.6448713187125,32.3980715275026],[-89.6707447386167,32.3978529689954],[-89.6700481669501,32.4442511145426],[-89.7026358377357,32.4446438683861],[-89.7032368681475,32.4294498934757],[-89.7475591034898,32.4294191739235],[-89.7401958798001,32.3963195951065],[-89.7815264153171,32.3962069105581],[-89.7814172316364,32.4333329415728],[-89.8375491674473,32.4332100169332],[-89.8336830910519,32.4009608103135],[-89.8857577886346,32.4003221974625],[-89.8889064255243,32.3426540754663],[-89.9222659198313,32.3409055333051],[-89.922634784116,32.3496653784893],[-89.9488975350946,32.3496380664652],[-89.9522443402031,32.3236727267198],[-89.9933358107057,32.3230341088536],[-89.9954056269321,32.3992737863208],[-90.0003508114786,32.3993455060681],[-90.0217708350092,32.3995435910256],[-90.0240249406815,32.429552462107],[-90.0003919772973,32.4639361229267],[-89.9856452774101,32.4841230334186],[-89.9614384849588,32.4913938670506],[-89.9532967147143,32.5001161415074],[-89.8878961432995,32.5611583988571],[-89.8692492466215,32.5609159165777],[-89.8611826504006,32.5841559667118],[-89.84789075548,32.582349351015],[-89.839175238235,32.5927962723043],[-89.837105616903,32.5852112379735],[-89.8328708029448,32.5898285105159],[-89.8331166886125,32.5870349229234],[-89.8284105635548,32.5858840178572],[-89.8163822928863,32.5866490061598],[-89.8182264848131,32.5842754816271],[-89.8138823661321,32.5816799709388],[-89.812905635829,32.5861982055102],[-89.8079536162968,32.5841593630514],[-89.8065397374566,32.586573868923],[-89.8093880123179,32.5911057654235],[-89.8033226423464,32.5892103587924],[-89.7977695573902,32.5899172920776],[-89.7963215040692,32.5842071709951],[-89.7918954387004,32.5879535818447],[-89.7946071084411,32.5933768314595],[-89.7907889275576,32.5909418323116],[-89.7867590140322,32.591795616282],[-89.7897506972581,32.5857986252277],[-89.7866906880323,32.5836709894784],[-89.780768778157,32.5895791863689],[-89.783097952224,32.5967270826137],[-89.7702158894292,32.5988444674455],[-89.7662679468855,32.6018771130969],[-89.772237694224,32.6046877785874],[-89.767244708841,32.6090113490556],[-89.7624839348357,32.6053195765084],[-89.7589799755168,32.6121464476396],[-89.7562683355766,32.6175013914718],[-89.7419245908587,32.625335725791],[-89.7391104935447,32.6303696464063],[-89.7350054426333,32.6295295196022],[-89.7361597834348,32.6330710242819],[-89.729466028459,32.6340614137942],[-89.729233813197,32.6401540293647],[-89.7251970684319,32.6406423937778],[-89.7247462718751,32.6435316048777],[-89.7153476943364,32.6453416278669],[-89.7168503699673,32.6434325627228],[-89.7130868199877,32.6367969374861],[-89.7013181143816,32.641742060687],[-89.6989275011634,32.6469569846431],[-89.7015503682913,32.6492724530258],[-89.6938867001697,32.6500647627347],[-89.6961748885391,32.6558875836561],[-89.6915165755545,32.6545488453747],[-89.686626046982,32.6592310053686],[-89.684884294812,32.6558329371304],[-89.6795634467265,32.6581142515747],[-89.681639881392,32.6595861787537],[-89.6782178816791,32.664493738502],[-89.6762439288627,32.6729086522124],[-89.6786755596582,32.6805141773225],[-89.6776988239499,32.6829013623187],[-89.6748027505115,32.6831540819406],[-89.6696322043383,32.6980509360953],[-89.6733684200697,32.700106853393],[-89.6693385292241,32.7092491908747],[-89.6707046200635,32.7157857763198],[-89.6752673112421,32.7182924937641],[-89.680697480013,32.7289238374054],[-89.6784981307491,32.7392887964201],[-89.6809980598847,32.7449476902397],[-89.6795090772728,32.7583282212938],[-89.6823095362998,32.7616272504921],[-89.6798984339003,32.7676208267162],[-89.6839351901736,32.7716404519675],[-89.6756431603004,32.7837915288153],[-89.6766950567933,32.7911579937507],[-89.6739355991717,32.7948190258778],[-89.6763672195717,32.7987361961358],[-89.6714288975398,32.8106584594203],[-89.662030365222,32.829086569127],[-89.664052164705,32.8334033111081],[-89.6587449811384,32.837310233398],[-89.6702678089848,32.837453673288],[-89.6649060207573,32.8554685520064],[-89.7307302545657,32.8549597192546],[-89.7303547910538,32.9295054640623],[-89.6796529846604,32.9296488812487],[-89.6798033324285,32.958882505652],[-89.649640435752,32.9589473824493],[-89.649380923245,32.9737622725608],[-89.6453305168272,32.974158427918],[-89.6456447537445,32.9889459967222],[-89.6375234491634,32.9889152574318],[-89.6380972292444,32.9999461700187],[-89.6384729288953,33.0106936247646],[-89.6279814874515,33.0109531712368],[-89.6280293491713,33.02900220188],[-89.6215951439398,33.0290158596468],[-89.6211785195286,33.0392134768122],[-89.5932286614793,33.039575471106],[-89.5935428504555,33.0365496546339],[-89.5761459060202,33.0360544527018],[-89.5762688375451,33.0305321661364],[-89.5697594895592,33.0273287601916],[-89.5697867892563,33.0190572836838],[-89.5592680257925,33.019149488399],[-89.5595207040863,33.002377721458],[-89.5547189556033,33.0023299079358],[-89.5549511820239,32.9997651356522],[-89.554199798279,32.983809587833],[-89.5604427549438,32.9846872812364],[-89.5586053583422,32.9740525252317],[-89.5503269545722,32.9741754675914],[-89.5496370282253,32.9519053194619],[-89.525491684983,32.9523526940874],[-89.5254643519525,32.9480291227366],[-89.4996523982217,32.9478446956938],[-89.4998572461369,32.9240104114841],[-89.4739155130457,32.9229756130779],[-89.4737310612744,32.9110704242175],[-89.4557193868749,32.9111523802957],[-89.4556920273378,32.8968873279342],[-89.4387458905641,32.8971673629443],[-89.438759583987,32.9094413874095],[-89.422892643891,32.9094823619674],[-89.422749243364,32.923518600534],[-89.4053318107283,32.923750822928],[-89.4056119132373,32.9455257759878],[-89.4228380960901,32.9455462738389],[-89.4230567073475,32.9603816549282],[-89.4391285582106,32.9602245645263],[-89.4394018118516,32.9749677370062],[-89.4486296364545,32.9750292139966],[-89.4490531755808,32.9963636124216],[-89.4393267343676,32.9964694772978],[-89.4389647337167,32.9997514302387],[-89.4397843890706,33.0040135288083],[-89.4228519104905,33.0038393491728],[-89.4229953383699,32.9998060657229],[-89.4230909352402,32.9893010859581],[-89.411492973609,32.9894342723571],[-89.4091433056025,32.9809510558431],[-89.3886863584172,32.9806470995869],[-89.3885019603494,32.9890073693712],[-89.3884678375226,32.9998880154173],[-89.3884747195314,33.0197095049957],[-89.4061858583457,33.0194533766553],[-89.4059604964655,33.0347156499105],[-89.449852428742,33.0342921899069],[-89.4500984113496,33.0679518376521],[-89.4061381753939,33.068535809936],[-89.4059606110227,33.07795135845],[-89.3179376811637,33.0783816307661],[-89.3175757491893,33.1083119417897],[-89.3173300892003,33.1977476985384],[-89.3165994671738,33.2848270026394],[-89.4538352010139,33.2852949321542],[-89.4536166680245,33.2995497365942],[-89.4364109734862,33.2997239020611],[-89.4367866836344,33.3144807318792],[-89.4191438464804,33.3149076180421],[-89.4189662948813,33.3292512162135],[-89.4431799461592,33.3290292412271],[-89.4426130711354,33.3460093289071],[-89.4540744260631,33.3458761429213],[-89.4539583626838,33.365629325218],[-89.4368278024936,33.3655985823714],[-89.4368278305671,33.3764826408739],[-89.4286177291279,33.3762333326979],[-89.4282557743811,33.3967924889044],[-89.3809213302583,33.3971305692978],[-89.3804979080924,33.4199778704538],[-89.3775471883895,33.4199403029896],[-89.3772194154344,33.4515611040972],[-89.3816045103032,33.4513664424791],[-89.3813996248053,33.4609629915967],[-89.3693850154475,33.4635243438204],[-89.3624932000518,33.4733736102885],[-89.3542557659618,33.4691798124706],[-89.3494403580193,33.4694461916789],[-89.3495292326527,33.4998819381528],[-89.349290180492,33.5038435025328],[-89.3694739171854,33.5038366805875],[-89.3695354075817,33.5105269434849],[-89.3779435896175,33.5103596050536],[-89.3779845932904,33.5183817740949],[-89.3846988437807,33.5181324708105],[-89.3847671615988,33.5233815443328],[-89.3974238324773,33.5231868865007],[-89.3971233209802,33.5325580354671],[-89.4027105616031,33.5322506750265],[-89.4023827187772,33.5379095653363],[-89.4368146061624,33.5392653893947],[-89.4373542665619,33.5619692538901],[-89.4545053184714,33.5613477040655],[-89.4543483381213,33.6052971650692],[-89.4720663116077,33.6051708117504],[-89.4724899128731,33.6486831327954],[-89.4378326246487,33.6484201541032],[-89.4375321277786,33.663064281635],[-89.4468077675238,33.6630233036226],[-89.4465619130962,33.6774830134843],[-89.4549564365196,33.6777493977838],[-89.4550930817582,33.6920007843204],[-89.4650927410575,33.691881258264],[-89.4647649221029,33.706412685789],[-89.4720119424348,33.7063409698134],[-89.4720734382665,33.7146568401655],[-89.4976053549679,33.7146090378898],[-89.4979537523916,33.7326170791001],[-89.4957065711201,33.7359809931494],[-89.4899144191399,33.7361824842403],[-89.4899281201379,33.7509393105915],[-89.4974551857834,33.7508129538269],[-89.5013348724653,33.7645349939782],[-89.5037664941844,33.7687082979467],[-89.5040738699213,33.7718468124446],[-89.5074002603227,33.7722771218237],[-89.5071202226312,33.7751458403871],[-89.5248928811348,33.7896294624133],[-89.5386355964703,33.7947282728231],[-89.6643826958233,33.7999090870565],[-89.6944158539647,33.8098608198033],[-89.7113757474213,33.8410922935064],[-89.7578564141545,33.8437424580519],[-89.7672618642079,33.855343696855],[-89.769693508052,33.8667810060516],[-89.7695979012879,33.8730443748116],[-89.7970150032597,33.8735429943218],[-89.7969261069229,33.838124563877],[-89.804446342815,33.8382509264071],[-89.8049791003236,33.834381570811],[-89.8144255008685,33.834487443612],[-89.8109419824757,33.8239688072747],[-89.8354083623924,33.8238595302508],[-89.8351829775868,33.829579892175],[-89.8384069113771,33.8296857627848],[-89.8381883638716,33.8379948010019],[-89.8289741975681,33.8383260671327],[-89.82855756569,33.8455388457001],[-89.8226083147216,33.8455183530183],[-89.8225879079526,33.8749466256867],[-89.8492741562521,33.8740757725368],[-89.8491102080791,33.8676314010303],[-89.8458179692391,33.8671362043388],[-89.8465350677254,33.8357134899562],[-89.8537957488965,33.8355905470877],[-89.8539734067712,33.8591208709261],[-89.8574978771905,33.8591311174348],[-89.8573408029283,33.867624573307],[-89.8854819227249,33.8676689793414],[-89.8844503220722,33.7936662807083],[-89.9963864020188,33.7935126336615],[-89.9957649287456,33.8239688636516],[-89.9999246222952,33.8236785780575],[-90.0232435014763,33.8239278907514],[-90.0229839064483,33.8098848288119],[-90.0413712587276,33.8100829126747],[-90.1155627258479,33.8107659615447],[-90.1365182920261,33.8093555141768],[-90.1367708928439,33.7684045534316],[-90.1566609257263,33.7682133115924],[-90.1453020507505,33.777485417483],[-90.1501857913192,33.7864877315661],[-90.1540586099199,33.7864672418258],[-90.1539493379555,33.7908932650581],[-90.1591267576048,33.7910742687359],[-90.1594068574316,33.8091267064669],[-90.1670227187003,33.8093179560439],[-90.1667563769359,33.8236171532784],[-90.1717288861958,33.8236410605753],[-90.1717972342333,33.8383022619882],[-90.1886750755239,33.8385140056263],[-90.1885521717827,33.8525809724147],[-90.2064818900187,33.8527107525608],[-90.2061813099742,33.8383022712742],[-90.2237012064902,33.8384115603948],[-90.2237080122716,33.8302527879753],[-90.249854664659,33.8306079689512],[-90.2492058483641,33.8531137498838],[-90.2328744356876,33.8527722315931],[-90.2326217574032,33.8675973600529],[-90.2220893281876,33.8676349238412],[-90.2224445989137,33.8977189032035],[-90.2272258573715,33.897735980347],[-90.227437641725,33.9116185292436],[-90.2618012281642,33.9117175768512],[-90.2630102120537,33.9144155392051],[-90.2684198591062,33.9129162930291],[-90.270947084615,33.9092791683641],[-90.275318522033,33.9095284746046],[-90.272750291481,33.905672780212],[-90.2764660035524,33.9028313831481],[-90.2764864562002,33.8904822325277],[-90.2904272399882,33.8907827688511],[-90.2906048415914,33.8944711216063],[-90.2939312305082,33.894314025257],[-90.2941361623919,33.9012535928168],[-90.2967316967435,33.8991293754893],[-90.3011782638941,33.8981184947279],[-90.3059936750923,33.8984531800416],[-90.3133295029261,33.9021654398132],[-90.3172433150888,33.9056898666344],[-90.3189987350861,33.9107203697616],[-90.3206995034473,33.9127694552897],[-90.3267580425561,33.9134661452614],[-90.3285339445669,33.915354719184],[-90.3276869963163,33.9210409284237],[-90.3260818676261,33.9234827543776],[-90.3257198874018,33.9330622249854],[-90.3289574821765,33.9330861320446],[-90.3293809745103,33.9361529287507],[-90.3383356098876,33.9428329466725],[-90.3381238849823,33.9484474384367],[-90.3445649327978,33.9513571401984],[-90.3467096757732,33.9535667372312],[-90.3465936633343,33.9872468581817],[-90.3289781256011,33.9821617095866],[-90.3288552330342,33.9995140406112],[-90.3288825734582,34.0056100674085],[-90.3257201129646,34.005951580547],[-90.3254605829001,34.0136014962372],[-90.3205085667368,34.0140898602862],[-90.3204744592869,34.0282695256921],[-90.3287187149698,34.0284505298552],[-90.3287802531609,34.0492931349395],[-90.294491800685,34.049819058254],[-90.294389415009,34.0725434060543],[-90.2984193328798,34.0723384982518],[-90.2985697166229,34.1096557426749],[-90.27754583908,34.1098674757047],[-90.2769310569765,34.0939699948609],[-90.2595341069406,34.0943012598063],[-90.2594179678332,34.0868562526161],[-90.2415428911325,34.0870030993958],[-90.241904990932,34.1164142920516],[-90.2460715162869,34.1162537809919],[-90.2459075977111,34.1196689216834],[-90.2495208637456,34.1197850373087],[-90.2495823580083,34.1266563007806],[-90.2455865925712,34.1268851146574],[-90.2454022751455,34.1602646996463],[-90.2420075817016,34.1602817743594],[-90.2419256464718,34.1697895259905],[-90.1881433145031,34.1698202486712],[-90.188553124382,34.1654898506732],[-90.1705482696493,34.1654454491066],[-90.1704799797461,34.1701173618279],[-90.1606988903834,34.1700490567092],[-90.1601866384319,34.1788054771404],[-90.1609448142885,34.1801271363046],[-90.1641004380079,34.1780302411613],[-90.1616346717505,34.1769203193065],[-90.1633695805721,34.1753049584387],[-90.1659446338138,34.1767359028679],[-90.1673175380322,34.1766368644648],[-90.1714772292271,34.1752434879851],[-90.1695988867745,34.1781873390383],[-90.1723037120719,34.1779653551838],[-90.1729799242965,34.1797958707249],[-90.1760877373337,34.1779004688208],[-90.176606852194,34.1803730310295],[-90.1790384665057,34.1809775110553],[-90.1791341157859,34.1888596560605],[-90.1882389988711,34.1889757730296],[-90.1883347114439,34.217584406018],[-90.1646333287885,34.2178166292133],[-90.1643328999863,34.2530096528485],[-90.1674202266578,34.2528798784204],[-90.166928475994,34.2646996798144],[-90.157263502817,34.2649797190928],[-90.1568742146431,34.2789305673356],[-90.1622019127704,34.2819973647175],[-90.1553169000878,34.2821920262687],[-90.1548456469278,34.2960096846037],[-90.1868117794225,34.2963273007857],[-90.1986556649363,34.303871349106],[-90.1984166676321,34.3252672035416],[-90.241509473613,34.3254004043568],[-90.2414207227899,34.3396722763228],[-90.22736382285,34.3401640529697],[-90.2273979943263,34.3466903864745],[-90.2054110332614,34.3468099108569],[-90.2056842682907,34.3533157530759],[-90.2019958676345,34.3534045456002],[-90.2021735100028,34.3704460965554],[-90.198157252371,34.3705827006715],[-90.1976860177037,34.3901036427146],[-90.1853640286733,34.3900763181676],[-90.185432356877,34.3978389321425],[-90.19772702394,34.3979345595057],[-90.1972967972244,34.4260240877201],[-90.2066270834966,34.4261333741631],[-90.2071325733109,34.4398963892981],[-90.1976861703997,34.4399510293683],[-90.1979935972767,34.4594173282547],[-90.1893531804154,34.4599193511429],[-90.1896538399947,34.4998833209966],[-90.1900910165935,34.5106273519479],[-90.1928368252836,34.5107229759713],[-90.192645609517,34.521839256735],[-90.1985470507486,34.5219041462904],[-90.1985675861414,34.5363706793282],[-90.1958832537927,34.5374498629658],[-90.1983763501793,34.5410357604915],[-90.2012587681885,34.5415412013561],[-90.1992028320283,34.5432590163454],[-90.1995443662058,34.5482382908486],[-90.2084511659552,34.5470839753086],[-90.2033557231554,34.5514895052192],[-90.2051794368275,34.5530399792882],[-90.2038680231517,34.5589276796967],[-90.2076178937279,34.5578655720883],[-90.2114019284992,34.5607718575342],[-90.2176722034433,34.5590642889888],[-90.2192158726578,34.5607513680675],[-90.2162583296534,34.5631624563702],[-90.21129264873,34.5628858286973],[-90.2116751816014,34.5731449091547],[-90.2243591906272,34.5763927106431],[-90.2202131639672,34.5792067848831],[-90.2210259874941,34.5823487140006],[-90.2244411761795,34.5832366509945],[-90.2258960539702,34.5860917078137],[-90.2283686490868,34.5863273529363],[-90.2316404024705,34.5881783596735],[-90.2309368853043,34.5916105757321],[-90.234447706702,34.5949779040267],[-90.2362372551919,34.5923687376694],[-90.2400144516597,34.592840028068],[-90.2371252221878,34.5983076658146],[-90.2342154853864,34.5987687093469],[-90.2336690645347,34.6014393485422],[-90.2364626974456,34.6050184160355],[-90.2374394279002,34.6011524777568],[-90.2418381796872,34.5986594270391],[-90.244570330688,34.5996190815176],[-90.2416469489791,34.6052062498347],[-90.2374394467104,34.6072382573375],[-90.2359504351852,34.6103528639424],[-90.2407180479302,34.6145808080207],[-90.2380815421259,34.6203216578587],[-90.2394817792861,34.6238494971858],[-90.2512778307107,34.6237675368077],[-90.2512573608655,34.630703685684],[-90.246592217559,34.6307890629401],[-90.2461961513692,34.6614296971953],[-90.2196396685792,34.6616141087144],[-90.2180413722836,34.6650053422863],[-90.2208008502659,34.6673925255666],[-90.2204934912025,34.6699231436211],[-90.2259646252263,34.6720780978473],[-90.2253293879751,34.6680857993886],[-90.2275492584896,34.6678638159278],[-90.2282459626253,34.6701280543077],[-90.2336829448173,34.6722420263567],[-90.229810132643,34.6748716831154],[-90.2244824456764,34.6757664483107],[-90.2200085783481,34.6838876494805],[-90.2216273837485,34.6864011932701],[-90.2200359172799,34.6897446145035],[-90.2305547151501,34.6980604820078],[-90.2312104427866,34.7016600391097],[-90.2291545061221,34.7034905538881],[-90.2292023245606,34.7053278991472],[-90.2256505370126,34.7071037707643],[-90.2249470220239,34.7112429196879],[-90.2189226386924,34.7128582790083],[-90.2219826548882,34.7157269970412],[-90.2147766304417,34.7213892973546],[-90.2119693537516,34.7233427567785],[-90.2119147249604,34.7278917224037],[-90.2084790479203,34.7278063430368],[-90.2091484123868,34.7239882172828],[-90.2061157283437,34.7242682579336],[-90.2045857156548,34.7214336916776],[-90.2015940080597,34.7197124602107],[-90.201204691382,34.7243775409639],[-90.1959043105663,34.7203340148928],[-90.1985818326481,34.7255216122798],[-90.19513250134,34.7275058071937],[-90.1955764661597,34.7247668654199],[-90.192816996206,34.724630259767],[-90.1927896868732,34.7285371791153],[-90.1905493214894,34.7273828615469],[-90.1873732031547,34.7289469950048],[-90.1898662934159,34.730350617515],[-90.1879196437214,34.7323894557605],[-90.1838829004109,34.73434974486],[-90.1877557215051,34.7344795208671],[-90.1885890415047,34.7391343564286],[-90.1856383136003,34.7367949852967],[-90.1817996646732,34.7433247311768],[-90.178493764002,34.7429593105798],[-90.1771413595553,34.7458655934977],[-90.1744706770741,34.7436150162559],[-90.1723874267314,34.747764410347],[-90.1763012287501,34.747433142937],[-90.1732480611098,34.7502369714969],[-90.175570390766,34.7513912894023],[-90.1755499071018,34.7538023781964],[-90.1718615083131,34.754406856974],[-90.1727699595712,34.7580747167643],[-90.170222234267,34.7592905060975],[-90.1695665063683,34.7552059990267],[-90.1677701299292,34.7588533672228],[-90.164013423352,34.7583069440851],[-90.1615681575781,34.7604858024888],[-90.1616501146228,34.7581874134136],[-90.1591092157522,34.7577024633742],[-90.1577704525073,34.7543863622467],[-90.1534604936477,34.7563705577168],[-90.1544918880051,34.7588909302752],[-90.1458992793417,34.7587030960961],[-90.1431329702406,34.7556260541667],[-90.1429758794417,34.7582454660484],[-90.139779265757,34.7582044837814],[-90.1396904830806,34.7623607085758],[-90.1354214902831,34.7586962633422],[-90.1357288625852,34.7607829134546],[-90.1328942614082,34.7616093766509],[-90.1328464415946,34.7594031967083],[-90.1288711733574,34.7617562265223],[-90.1266990992043,34.7568350097136],[-90.1247046399174,34.7594919882007],[-90.1238235094755,34.7557080134186],[-90.120524441308,34.7558480327706],[-90.1206746993794,34.7526787833549],[-90.1158456194803,34.7504657720507],[-90.1136120703425,34.7446941854086],[-90.1111394771382,34.7451483987219],[-90.1094523713552,34.7437413605473],[-90.1114946477358,34.7422762661784],[-90.1068021773151,34.7405208831943],[-90.1101285593631,34.7376965638256],[-90.1062284148788,34.7368052114094],[-90.1075739848485,34.732430417152],[-90.1039880484266,34.7351932643506],[-90.1005386953427,34.7301183659936],[-90.0997053972643,34.732536284729],[-90.0934965842713,34.730886770977],[-90.0931550713011,34.732700210218],[-90.0904775626927,34.7315732130178],[-90.0904365924715,34.7356850411846],[-90.0870213998376,34.7334822750195],[-90.0832920154078,34.7327753403824],[-90.0850542458127,34.7310609407084],[-90.0803276295653,34.7313512262608],[-90.0837018276471,34.7294865610582],[-90.0807784283916,34.7293499551647],[-90.0807715874233,34.7258596819708],[-90.0743100524818,34.7247326844585],[-90.0755531705684,34.721761513274],[-90.0720696775481,34.7204808351891],[-90.0721516497921,34.7228885087177],[-90.0686545021553,34.7236944801136],[-90.0711066126108,34.7260919089502],[-90.0669400859668,34.7261431350208],[-90.0642489268927,34.7287113194433],[-90.0599252992291,34.7277345887716],[-90.0575141652936,34.7235476268238],[-90.0596452305746,34.7199958817635],[-90.0496933549131,34.7118883376549],[-90.0477603697705,34.7152556648528],[-90.0475212941532,34.7111711582676],[-90.044447637701,34.7146853361322],[-90.0437236100116,34.711724409368],[-90.0416608450825,34.7142208760066],[-90.0368932410665,34.7124859841849],[-90.0395434197604,34.7108808693208],[-90.0369820232263,34.7083980614581],[-90.035677429246,34.7105871660801],[-90.0322827333331,34.7102217450535],[-90.0331775051858,34.7081726618031],[-90.0290861115416,34.7074862169291],[-90.0272555781484,34.7097743602651],[-90.0236969536691,34.709477242248],[-90.0239565180453,34.712854815742],[-90.0207667369912,34.7136539574763],[-90.0193323526448,34.7115297399776],[-90.0186288323216,34.7138520350665],[-90.0113476539174,34.7133090259533],[-90.0071606460992,34.7163894807616],[-90.0016758564948,34.7158293963562],[-90.0019900696583,34.7212492227171],[-90.0001936781045,34.7199992811542],[-89.9969629019667,34.7165431588796],[-89.9926529381215,34.7167036693552],[-89.9951528574179,34.7179604418387],[-89.9941009865726,34.7197977865069],[-89.9917923180308,34.7189269249217],[-89.9907950927846,34.7220176265568],[-89.9863143579582,34.7182131596099],[-89.9858772228627,34.7210545557826],[-89.9811232851828,34.7213311804916],[-89.9842311088883,34.722932882238],[-89.9825166947924,34.7258869771937],[-89.9745114922609,34.7233905079208],[-89.9733708255927,34.7254088552484],[-89.9691769775569,34.7252654184294],[-89.9628725410419,34.7239847393418],[-89.9652766931665,34.6777983911236],[-89.9133931922609,34.6774978441191],[-89.913413729856,34.6931938263481],[-89.8909691298457,34.6932860287225],[-89.8909554221538,34.6773646471525],[-89.8723494922582,34.6777164017244],[-89.8723016577343,34.6701313757892],[-89.8641052130291,34.6704182457672],[-89.8642486385505,34.6662244540465],[-89.8168731854843,34.6667128049728],[-89.8159851277757,34.6294604599939],[-89.7837389449587,34.6292452959451],[-89.7838072601092,34.6329131565277],[-89.7755356803988,34.6330121931802],[-89.7754332486282,34.6409592232454],[-89.7578040610665,34.6410855785218],[-89.7577425993203,34.645255464163],[-89.7446897606107,34.6453681598133],[-89.744641968717,34.6524921413545],[-89.7495051943877,34.6529634323388],[-89.7494574071267,34.6615969051754],[-89.7399290392595,34.6615320143773],[-89.7402706367936,34.6887984908632],[-89.7231468952566,34.6884911231245],[-89.7243560734678,34.7585458836818],[-89.7614245518576,34.7767554186735],[-89.7945246569521,34.8192875764892],[-89.8041828252041,34.8269204159018],[-89.8123519567683,34.8296696055572],[-89.8126525660703,34.8541664008755],[-89.8103507393625,34.8572229498538],[-89.8066964898235,34.8568336232234],[-89.8043468636399,34.8642342296329],[-89.8026529250419,34.8620929368256],[-89.7968334745495,34.8712523389865],[-89.7919156097683,34.8719900070677],[-89.7851057490787,34.8788441896707],[-89.7864513566242,34.8871634695937],[-89.7773942879758,34.8888846974021],[-89.777647031802,34.8957491278632],[-89.8375835430171,34.8949260967778],[-89.837972901531,34.9040752543691],[-89.929329126588,34.9043450762795],[-89.9288922517257,34.9941973889324],[-89.953993869939,34.9942861891952],[-89.9999144637862,34.9946891873697],[-90.1719920320097,34.9947438723012],[-90.3082921117764,34.9952151920381],[-90.3098562818711,34.9999861416643],[-90.3098084948734,35.0081346632029],[-90.3051228777769,35.0138960017187],[-90.3057103025389,35.0179429419241],[-90.3008197845862,35.0267505846689],[-90.2967762360145,35.0369686791688],[-90.2928761071397,35.0411897904084],[-90.2641407277177,35.0403257538121],[-90.2625765599747,35.0363334557938],[-90.2572352049164,35.0350561932974],[-90.2523924594389,35.0316410531717],[-90.2434924878992,35.0327236496344],[-90.2322906723099,35.0312175714917],[-90.2131724421872,35.0254289060934],[-90.1935693231837,35.0412000135339],[-90.1955023668564,35.0567218211187],[-90.1865136646877,35.0784216121226],[-90.1744718326371,35.1151309373656],[-90.1631880890323,35.1256563925308],[-90.1302725380541,35.1301268011245],[-90.0836825450126,35.1232896820169],[-90.0687718803995,35.1359154469107],[-90.0686694865536,35.1562150321],[-90.0930402912729,35.1672732577599],[-90.1054169484443,35.1744348062308],[-90.1076505025911,35.1813948596936],[-90.1148292315049,35.1839528002884],[-90.1172881803699,35.1886486169718],[-90.1156284319004,35.1987949934638],[-90.108026227796,35.1991091846331],[-90.0971386001002,35.1949290521886],[-90.088901223819,35.2121345192039],[-90.080554495582,35.2082139377067],[-90.075042406,35.2150032322492],[-90.0749399690247,35.2209319124444],[-90.0979857397334,35.250787060101],[-90.1040442918632,35.2543524666733],[-90.1149660646717,35.2563571551943],[-90.1378273106235,35.2525595263997],[-90.1446850074308,35.2531947440929],[-90.1505796257143,35.2551174684915],[-90.1678332168819,35.2772407397803],[-90.1685162701977,35.2823600321842],[-90.1648279060314,35.2943574130329],[-90.1620069773795,35.2990259074922],[-90.1506207591039,35.3035099814998],[-90.1399926843151,35.2991795835864],[-90.1304165072041,35.3011330407709],[-90.1241120833834,35.3045208567117],[-90.1163527773887,35.3036670694883],[-90.1090920950926,35.3052755983743],[-90.107616785549,35.3214462788235],[-90.103743999025,35.3327572165569],[-90.1105265906981,35.3427704040372],[-90.1071728779782,35.3430265383679],[-90.0937512497188,35.3608433122729],[-90.0902267776599,35.361027729095],[-90.0832256731948,35.3702110348704],[-90.0755688683796,35.3841345523938],[-90.0417381144611,35.4120020724625],[-90.0054006150111,35.4405389597067],[-90.0070195539135,35.4860456766351],[-90.0121355476044,35.5003141247457],[-89.9999570251424,35.5113142815347],[-89.9709006457232,35.5213821013175],[-89.9084641800819,35.5151562890868],[-89.8973309676902,35.6131092744487],[-89.88081514978,35.621865684236],[-89.9401780815855,35.6709241542298],[-89.9404173066365,35.7237426745689],[-89.7689682542907,35.7825888677332],[-89.6933424753292,35.8261181903587],[-89.7728208799549,35.8809175071722],[-89.7314288955693,35.9101613177638],[-89.6605431568617,35.8740257294253],[-89.6395876507569,35.9024123461007],[-89.723041390844,35.9759163688323],[-89.7133218379132,35.9995661913493],[-89.6716978220655,36.0973893657758],[-89.5914204954518,36.123699559092],[-89.6021238149704,36.1649202645299],[-89.6812743735752,36.2197434769568],[-89.6857415030273,36.2412041970563],[-89.5816534087402,36.2432464204125],[-89.5547554933962,36.2789516662089],[-89.5548101365531,36.2789892327657],[-89.6127659903115,36.3168631137783],[-89.6129914670714,36.342159030455],[-89.5231515263293,36.341721867457],[-89.5104334337144,36.3651394549382],[-89.545207079262,36.4329982247938],[-89.5191766086991,36.4650014598185],[-89.5440734361933,36.5004574103729],[-89.5603161399298,36.5236735107565],[-89.5718322437432,36.5534261794435],[-89.5637041436927,36.569740282853],[-89.5410000044599,36.5811980579601],[-89.4929141293222,36.5742858091946],[-89.4635912450986,36.5481907459188],[-89.4822380344121,36.5004095813251],[-89.4957894076859,36.4682902294926],[-89.4623136979415,36.456610453284],[-89.4359211734586,36.4741779062772],[-89.426918766599,36.4846145604058],[-89.4206758256565,36.4925274291019],[-89.4166595859998,36.5001261060948],[-89.4094331039152,36.5198075338005],[-89.3984294362666,36.5439491274831],[-89.3963052290254,36.5579272788661],[-89.3862236498894,36.5775404020418],[-89.3614635328997,36.5774994131082],[-89.3426049166257,36.5965148848926],[-89.3125376131883,36.6025050243879],[-89.2582496611392,36.5618000001563],[-89.21689176133,36.5733431472216],[-89.1869680570474,36.6370251784495],[-89.1406787261789,36.6856703588047],[-89.125460827765,36.7514936808784],[-89.1207205586905,36.7564080594587],[-89.1194910982137,36.7591299218405],[-89.1076881969028,36.7556020831942],[-89.1084668450583,36.7503427740678],[-89.0993687765545,36.7484063889734],[-89.0983647229628,36.7527504416428],[-89.0974221357882,36.7543043277077],[-89.0916709490068,36.751275100774],[-89.0870467833891,36.7509643216043],[-89.082770962414,36.7494001882048],[-89.0773476418035,36.7489562189757],[-89.0737685069927,36.7430651082971],[-89.0739460888779,36.740001731951],[-89.0718149944779,36.7339535258986],[-89.0636048706203,36.7301388157236],[-89.0635297218742,36.7251049063437],[-89.0602579683737,36.7238378892377],[-89.0573823688624,36.7202178442211],[-89.052457654758,36.7158806203507],[-89.0478471433406,36.713281700513],[-89.0358734907424,36.7129367674339],[-89.0320348062208,36.7085312411062],[-89.0283532006712,36.6966704727125],[-89.0414948389657,36.6936822334512],[-89.0274037511067,36.6863943291081],[-89.0169600631388,36.6714701817833],[-89.016748302748,36.6643974353107],[-89.005430367193,36.6643222980204],[-89.0052391069516,36.6608627654611],[-89.0021107941263,36.66085593411],[-89.0001504689246,36.6583799600688],[-88.9990234479339,36.6547804059393],[-88.9963527703774,36.654992143809],[-88.996318614174,36.6532743305231],[-88.9896248380972,36.6507812787834],[-88.9845020469385,36.6478340139726],[-88.9826783550622,36.654848702506],[-88.9827398468037,36.661822410771],[-88.9830745448187,36.6651180164811],[-88.979481797063,36.6767192325235],[-88.99173549542,36.6771290527479],[-88.9971314911734,36.6761318352091],[-89.0001846801653,36.6801412059055],[-89.0026436279954,36.6847482250659],[-89.0097950395796,36.6868724415219],[-89.017841275998,36.7062533402016],[-89.0214955571018,36.7166968268209],[-89.0482502143994,36.7419312749837],[-89.0621295552151,36.7469959260621],[-89.0763162607545,36.7512409444459],[-89.0882831164224,36.7635764182453],[-89.0921013033679,36.7658030880343],[-89.1037675870714,36.7653693699732],[-89.1084669007193,36.7706150199251],[-89.11736689718,36.7757343109033],[-89.1235552446292,36.7846922139988],[-89.1452349867591,36.8290206811601],[-89.1289309803552,36.8671609092222],[-89.1212126905144,36.8805311618654],[-89.1063226015569,36.9292173280453],[-89.0851962440267,36.9297500817732],[-89.0811458176611,36.9254401800222],[-89.0844448757594,36.9203447987773],[-89.0819244599465,36.9180054300877],[-89.0812755653525,36.9146415215084],[-89.0788439539752,36.9159631782127],[-89.0793835656887,36.9204267599603],[-89.0750121220166,36.9197300715523],[-89.0751897009314,36.9158197409708],[-89.070524550708,36.9149830318504],[-89.0691858059321,36.9182991273747],[-89.0716652420701,36.9214854497084],[-89.0682910318403,36.920358453567],[-89.063830801626,36.9227285559919],[-89.065627196736,36.9247912983801],[-89.0643909040623,36.9269633244994],[-89.060811788944,36.9281176389462],[-89.0228143026723,36.8940755561436],[-89.0145836575268,36.8792982626314],[-89.0087914964661,36.8790523707916],[-89.0054719369553,36.8806677283004],[-89.0003286675693,36.8825733719865],[-89.0116602778318,36.8874331138022],[-89.0065307126199,36.9054274612332],[-89.0006429295673,36.9063939423591],[-88.9801244824862,36.9094265748041],[-88.9735331402196,36.8991572607992],[-88.9626318620277,36.9012268288925],[-88.9664295249132,36.8911385200642],[-88.9367105557484,36.8932080818285],[-88.9362051477418,36.908029769227],[-88.926526508128,36.9100344506079],[-88.9124012651068,36.9022069545777],[-88.8896219663344,36.9065749047892],[-88.8776961034186,36.8978936262099],[-88.8622184562998,36.8937886278936],[-88.852396379483,36.8962509364839],[-88.8407300909464,36.895311770261],[-88.8328068596615,36.8979858185863],[-88.8068104296963,36.8935153962566],[-88.8078622926474,36.8876584391656],[-88.7881839726785,36.8874330331825],[-88.7859709169846,36.8822249504472],[-88.7925348993426,36.8781062998736],[-88.7924119346597,36.8712487075314],[-88.7780476165689,36.8584487743216],[-88.7778085363634,36.8519634320329],[-88.733465681669,36.8356800480676],[-88.7253989856023,36.827975499131],[-88.7201054790013,36.84189900525],[-88.6703598364855,36.8415369811345],[-88.677183419439,36.8552419224749],[-88.6796560371518,36.8636329112935],[-88.6750113932894,36.8686292534995],[-88.6781807063304,36.8754834312556],[-88.6787817969342,36.8824059114898],[-88.6780782861047,36.8894752417156],[-88.6531747298167,36.8899396897249],[-88.653249801001,36.8654463378295],[-88.6461666996768,36.8654326745665],[-88.6463511110611,36.8620619356645],[-88.653543498899,36.861839955286],[-88.6544314364813,36.8576120180305],[-88.6329635582144,36.8571987774981],[-88.6291181297965,36.8861522946451],[-88.5853558966027,36.8853121542199],[-88.6113522747199,36.8696230316716],[-88.5749463590471,36.868902423694],[-88.5585739801584,36.8833177040597],[-88.5503570359539,36.883495287272],[-88.5227827688932,36.8709958803955],[-88.5119566480121,36.8819926117093],[-88.5299683726366,36.8895434835541],[-88.5153582432105,36.9090541465597],[-88.4868755248055,36.8919408906108],[-88.4831529598523,36.8881398438309],[-88.468385710397,36.8993209909126],[-88.5037602762669,36.9149179293805],[-88.5026401477651,36.9364879242542],[-88.5015199783998,36.941265698476],[-88.4846694307081,36.9395956899897],[-88.4714117095636,36.9564357165554],[-88.4674296105428,36.9613705858666],[-88.4609270952632,36.9629483760116],[-88.4353882722184,36.9468186799403],[-88.4312627509946,36.9578768866776],[-88.4197808872693,36.9589355743056],[-88.4004099687403,36.9723433865782],[-88.3605068125298,36.9364400514086],[-88.3571052601321,36.9263927215814],[-88.357241848241,36.9186881759269],[-88.3579658408888,36.9070767157176],[-88.3272359713687,36.9075753117641],[-88.3163211040969,36.9391994609172],[-88.3213551038094,36.9438030659799],[-88.3460332704671,36.9485671908638],[-88.3616611978337,36.9577197601346],[-88.3571463347764,36.9646524835899],[-88.3463475260505,36.9726746316414],[-88.3582460859356,36.9894634421533],[-88.3581846376576,36.9997088480559],[-88.3581505633981,37.0319135727936],[-88.3359655111851,37.0383989052082],[-88.3049897184388,37.0274226468644],[-88.2980227565556,37.0374904624826],[-88.2922374119612,37.0311758744349],[-88.2809604360783,37.0223272543369],[-88.273959309228,37.0268010784294],[-88.2541375294394,37.0175153162538],[-88.2554694329949,37.0091550663949],[-88.2645128407616,37.0035952295024],[-88.2610566603801,36.9999307883491],[-88.2503602691998,36.9919427822169],[-88.2378879689464,36.9794741174826],[-88.212451675083,36.9936913134524],[-88.1596118714402,36.9944699402247],[-88.1537172677227,36.9998316996628],[-88.1070454133347,37.0518066212204],[-88.0753046061585,37.0344611342078],[-88.0562888529393,37.0433404768457],[-88.0176971986913,37.0355027229224],[-87.9999792026027,37.0379616115211],[-87.9742150190403,37.0390681020221],[-87.9536146308163,37.0535141144445],[-87.9404183340911,37.0511303427861],[-87.9292985111348,37.065859815985],[-87.9149410557143,37.0655217105258],[-87.901457872018,37.0582440500181],[-87.8994087340782,37.0468409130395],[-87.8874760666845,37.0485450594875],[-87.8893134661211,37.061239117859],[-87.8887329293174,37.0818118914784],[-87.875905490443,37.0871463264594],[-87.8740817333314,37.066057865314],[-87.8566642620936,37.0629808201738],[-87.8461523525139,37.0824914815172],[-87.8460840486561,37.082607596817],[-87.8259002738901,37.0790934116541],[-87.8183663688587,37.0805209343683],[-87.7955392820736,37.0976717311501],[-87.744659819286,37.109621262729],[-87.7292641487402,37.1108472883416],[-87.7151525419418,37.0897656516377],[-87.7117919446426,37.0654328112829],[-87.6900576613305,37.0561333869741],[-87.6898663603112,37.0325416325014],[-87.6579752971248,37.0194377411206],[-87.6566980451827,37.0330607150731],[-87.6554344541539,37.0465948950813],[-87.6756934321822,37.0829729262497],[-87.6554755729916,37.1116224840445],[-87.6243358909257,37.1179472974944],[-87.5897536217607,37.0875184243888],[-87.5681969472972,37.0873237501174],[-87.5081373925898,37.0685712093461],[-87.491020432714,37.0524483459248],[-87.4940052960506,37.046796298561],[-87.4854536217109,37.0265035600005],[-87.4667589243585,37.0501055499919],[-87.4802831440171,37.0849365214564],[-87.4475656644912,37.1012266975182],[-87.432088081755,37.128595581947],[-87.4158932035,37.1031903826069],[-87.4451271510463,37.0672221952224],[-87.4026763510274,37.0674783062494],[-87.3804230168584,37.086746485933],[-87.3886195243581,37.1140675720809],[-87.3730326357871,37.1313447315427],[-87.3169210685903,37.1268572109863],[-87.3113543651712,37.1557082690764],[-87.2927962314372,37.1577026971474],[-87.2613833369687,37.1664351789373],[-87.2496419153283,37.1655472362453],[-87.2155582530805,37.1271440218072],[-87.1841453168472,37.1129438709754],[-87.1758464275016,37.1240157338274],[-87.1667825403012,37.1371537532576],[-87.1541873852434,37.1708406380931],[-87.153647807279,37.1826091930952],[-87.1325419344948,37.1805874205449],[-87.0999541564092,37.1577538070782],[-87.0850706660133,37.1052802462279],[-87.0770723257459,37.1231755500434],[-87.0607682183278,37.1264062575834],[-87.0527766325093,37.1028657258282],[-87.0309330886494,37.1057105194986],[-87.0368482094408,37.1132204057367],[-87.0387539218718,37.1338205018926],[-87.0253459247879,37.1534882569209],[-87.0300042517785,37.1581840707914],[-87.032203642851,37.1635321736833],[-87.0302433504825,37.1778757391419],[-87.034245972916,37.1892925379508],[-87.0357486755153,37.2000570449211],[-87.0185224752519,37.2081509037426],[-87.0066102898022,37.2051968045425],[-87.0046568602103,37.2377020580463],[-87.0235155526034,37.2468238953456],[-87.0234267805528,37.2593164587239],[-87.0184064645553,37.2666863159292],[-87.006337178224,37.2624276353054],[-86.9995751066969,37.2644698813871],[-86.9872394493674,37.2681104081091],[-86.9806549634336,37.2679157410563],[-86.9835783756128,37.2734585069994],[-86.9808462426764,37.2836321914951],[-86.9806140275457,37.2937853870465],[-86.986816025127,37.3011757424439],[-86.9883938536168,37.3074151952666],[-86.987137076313,37.3140508010785],[-86.9659834059118,37.3216187266893],[-86.959965848376,37.325385616089],[-86.9488664827205,37.3253890244113],[-86.9513800688078,37.3291695797414],[-86.9443106269893,37.3293676529288],[-86.9432656013809,37.3415187019185],[-86.9311758412124,37.3478571839839],[-86.9278836122685,37.3556983309239],[-86.9011631681529,37.3546635284995],[-86.8847838966974,37.3421026525226],[-86.8845857886239,37.3263418050676],[-86.8923314159215,37.3133779585945],[-86.8808700095819,37.2961246901539],[-86.8594226449514,37.310638999229],[-86.8487057854617,37.3136579714877],[-86.8517453208554,37.3228002895853],[-86.84451878713,37.3269360132286],[-86.8428726769168,37.333431597825],[-86.8542794116977,37.3345142035579],[-86.8529679968594,37.3448757212433],[-86.8396009432768,37.3437896994071],[-86.8391501522754,37.3518357570016],[-86.8631384612809,37.3625319737731],[-86.8521962019912,37.3670194540653],[-86.8585553090058,37.3810146796741],[-86.8635551463181,37.3806048672496],[-86.8630975187156,37.385283601334],[-86.8550035270992,37.3897676672652],[-86.8375723984093,37.3887636062987],[-86.8331873213073,37.4043536930898],[-86.8331941706787,37.4151660094687],[-86.8243010223706,37.4185777230082],[-86.8214117827132,37.4249025503898],[-86.8128738155885,37.428816288874],[-86.8069928668329,37.4333993958805],[-86.81251866821,37.4476985671248],[-86.8302298747315,37.4665569513839],[-86.8476336895878,37.471280093826],[-86.8654678043537,37.4681859935901],[-86.8766764770843,37.479503756449],[-86.8724211608757,37.4854051061658],[-86.8757680467845,37.4854016927561],[-86.8690606239251,37.4909068849091],[-86.8642998649699,37.4999262521543],[-86.8703789178466,37.5085836214546],[-86.8747435282578,37.507046813689],[-86.8775234935217,37.5074532169715],[-86.8787256374695,37.5057661409806],[-86.8822706068711,37.5071526879185],[-86.8723938943877,37.5165955284238],[-86.868862583945,37.5141263838449],[-86.8671959755184,37.5166672427715],[-86.8714922872663,37.5181835653964],[-86.87077509994,37.5200038314187],[-86.8670662056055,37.5208234613463],[-86.8701808656216,37.5244879020422],[-86.8694090357872,37.5265335672049],[-86.865631841988,37.5299930956676],[-86.8706658431105,37.5365262514195],[-86.8750441146449,37.5356553944257],[-86.8780016714913,37.5365672373353],[-86.8709390653613,37.5403546164839],[-86.8722231813795,37.5432813875528],[-86.8665471367944,37.5437048607688],[-86.8641701691284,37.546232058701],[-86.8640677183045,37.5493056790928],[-86.8603929888886,37.5573039212064],[-86.8540065768158,37.5532399072205],[-86.8516091154579,37.5547528105325],[-86.8559464111091,37.5572322009519],[-86.8524355969498,37.5578674131713],[-86.8540612350243,37.561910933831],[-86.8483237161913,37.5620338746664],[-86.8498878678523,37.5591754084299],[-86.8471898629278,37.5565423376958],[-86.8408171157992,37.5547903700217],[-86.83681451852,37.5576966467594],[-86.8389251081382,37.5592402884411],[-86.839485207729,37.5636389818551],[-86.8358172901435,37.5616069750652],[-86.8298065574622,37.5628808157858],[-86.8316917375548,37.5597935358495],[-86.8289527559297,37.5602545775363],[-86.8267533706449,37.5583011192385],[-86.8270880631735,37.5609376027752],[-86.8215349663812,37.5618870069243],[-86.8167263846006,37.5648684154344],[-86.8180924547272,37.561688926825],[-86.815278336041,37.5607087813716],[-86.8172181593416,37.5574985558972],[-86.8111869377063,37.5595988600017],[-86.8121022009941,37.5553914145452],[-86.8089533946788,37.5547561977667],[-86.8090285343305,37.5579220275903],[-86.80623491274,37.5601282027687],[-86.8059070415743,37.5523519415603],[-86.8026216289557,37.5522460701775],[-86.7990015239801,37.5500535517419],[-86.7990425105419,37.5525773354529],[-86.7966108965412,37.5537487250624],[-86.798086263025,37.5561666409784],[-86.7928610280466,37.5595681112508],[-86.7902244967938,37.5568803994547],[-86.7762768769404,37.5655958124365],[-86.755915543877,37.5823709386367],[-86.7520563579854,37.5698339782745],[-86.7453557606569,37.572876858561],[-86.7173921931376,37.5775999706877],[-86.733648468276,37.5606335944695],[-86.7400212115356,37.56005302594],[-86.7402670936119,37.5531203033399],[-86.7335869745296,37.5485679249535],[-86.7256090956658,37.5512317240809],[-86.7179385744791,37.5477892642738],[-86.7087380542512,37.5484415485595],[-86.7016276197176,37.5433188425775],[-86.698512967936,37.5436910895372],[-86.6985539570588,37.5483015215481],[-86.6923519698341,37.5464744197578],[-86.6761571361133,37.5440872307472],[-86.6724755656125,37.546757862822],[-86.6668131805747,37.5463685334997],[-86.6694223899397,37.5493055507937],[-86.6644157343575,37.5569417880555],[-86.6482482216127,37.5544623898256],[-86.643548928365,37.5591342899531],[-86.6399903014944,37.5600802795516],[-86.6429956739411,37.5629011829885],[-86.6398946864238,37.5662992390883],[-86.6378319066179,37.5629421609401],[-86.6352295383036,37.5670027536297],[-86.6322446571387,37.5639325461635],[-86.6283171925767,37.5660021147474],[-86.6244375357331,37.5650253837144],[-86.6205988444225,37.5543189348584],[-86.6096975531956,37.5506169224938],[-86.6053261114982,37.5513648335453],[-86.6035433790787,37.549725567786],[-86.6067946385164,37.5489674105694],[-86.6105376789615,37.5440496193426],[-86.6032769786716,37.5402075882039],[-86.5971433067118,37.5452995492988],[-86.5933524425835,37.5431992393486],[-86.5942403968945,37.5467680548587],[-86.5903675708156,37.5462045555294],[-86.5897391807558,37.5489844741387],[-86.586283005486,37.5472905650483],[-86.5832639828092,37.5502275783445],[-86.5807640583029,37.5465733831188],[-86.5776357432584,37.5458869392312],[-86.577355701897,37.5485951407249],[-86.5734828719113,37.5457127641835],[-86.5657713769093,37.5478130666669],[-86.5625542358639,37.527896001265],[-86.549036905457,37.5220561118387],[-86.540130099367,37.527465678748],[-86.5199531563049,37.5258673817286],[-86.5026039827875,37.5202802096635],[-86.4746677456083,37.5298323214603],[-86.461669534761,37.5308124558444],[-86.4468886003059,37.5349242668008],[-86.4304068680804,37.5180056795777],[-86.4097176650143,37.5285994118128],[-86.4050388673342,37.5364712928249],[-86.3980787170334,37.5408050933621],[-86.3951621489287,37.5436703886956],[-86.3941854147467,37.5501898797297],[-86.38994374497,37.54718797341],[-86.3880517408695,37.5543324334242],[-86.3857089228097,37.556388342933],[-86.3905789907117,37.5609987770351],[-86.390742927948,37.5660668365444],[-86.3845136214822,37.5660326808065],[-86.3755453219291,37.5588369866768],[-86.3698282940193,37.5585022996021],[-86.3699375841387,37.5609372903251],[-86.376515242819,37.5635123057628],[-86.3666112053241,37.5716198275968],[-86.362246591937,37.5715105401286],[-86.361727478484,37.5685530338535],[-86.3663994493774,37.5622623595859],[-86.3539340062542,37.562289671535],[-86.3459561210411,37.5611421807383],[-86.3501294895765,37.5657492003275],[-86.3520420297644,37.5876265514053],[-86.3441256180723,37.5868957068586],[-86.3438114313331,37.59370890011],[-86.3401503490548,37.5944636416845],[-86.3411817292446,37.5903757272331],[-86.3318992398432,37.5880397684467],[-86.3281220454828,37.591823734318],[-86.3254376987146,37.5862160819064],[-86.3274253326065,37.5823296605683],[-86.3139011886982,37.5870152150721],[-86.3154106935724,37.5815885680804],[-86.3098097784491,37.5790067226379],[-86.3059779456849,37.5859291964817],[-86.3062580014881,37.5922403650249],[-86.2991612406534,37.595051015175],[-86.2981503401189,37.592329152129],[-86.302849635432,37.5882207495787],[-86.299099752422,37.5852085979678],[-86.295520642702,37.591331931645],[-86.2903636995924,37.5865848911447],[-86.2874266364179,37.5869229873422],[-86.2882394576304,37.5910962815086],[-86.2839089976279,37.5912772805037],[-86.2799337221597,37.5953378726118],[-86.2732536043815,37.5910108928911],[-86.2778504458687,37.5881421833806],[-86.2677414782408,37.5844538308738],[-86.265009332903,37.5887329915777],[-86.2608496273908,37.5856320474379],[-86.2560273837711,37.5889617993921],[-86.2629055815024,37.592506714182],[-86.2556517235452,37.5962838466264]]],[[[-89.9522977079361,34.2474019341294],[-89.9520039887829,34.2431398391307],[-89.9590324403154,34.2432764467976],[-89.9586020654255,34.2223450497576],[-89.9847623530764,34.2125845855446],[-89.9883551155244,34.2087425534866],[-89.9924055241372,34.208264434426],[-90.0003833605116,34.1965914860563],[-90.0066126509419,34.1940711137085],[-90.0105196139223,34.1911272641822],[-90.0005062728495,34.1847716838863],[-89.9928152751858,34.1845736039786],[-89.9874397758341,34.184904870979],[-89.9858346332007,34.1829923919157],[-89.9828907456658,34.1837607977998],[-89.9834849958002,34.1865236466778],[-89.9801176134073,34.1829855598851],[-89.9770029595358,34.1813633675323],[-89.9796121525906,34.1785868586764],[-89.9761150062825,34.1795874933823],[-89.9743800890211,34.178272664339],[-89.9665729765944,34.1784468339924],[-89.9660606794442,34.1718214609686],[-89.9497087511248,34.1640759168222],[-89.9582125624765,34.1641988641863],[-89.9585677279454,34.1598377295484],[-89.9517714991413,34.1558454284026],[-89.9518397720696,34.1454360795118],[-89.9610539393037,34.1450433408368],[-89.9613339644317,34.1382540407872],[-89.9784781924526,34.1383121036018],[-89.9784166956946,34.1306041307803],[-89.9834711697739,34.1306690197539],[-89.9840585393561,34.1163527497372],[-90.0000552640509,34.1161512613133],[-90.0025893308327,34.1160044111552],[-90.0025756477997,34.1085833101412],[-90.0091737843647,34.108354497582],[-90.0092625582289,34.1012270981971],[-90.013483725574,34.1009846247452],[-90.0133539230922,34.0923477334681],[-90.0001644791987,34.0923921265302],[-89.9787512711741,34.0923545536249],[-89.9792635020903,34.076549282174],[-89.9775012719636,34.0784037030525],[-89.9762171593695,34.0771537608685],[-89.9746325177198,34.0785232316642],[-89.9737172413341,34.0763307114537],[-89.9720028285043,34.0795375277631],[-89.9680548748404,34.0796673021177],[-89.9657598751047,34.0811358118965],[-89.9631438387979,34.0793735985436],[-89.9611220535203,34.0807464846856],[-89.9614977483928,34.0891101646246],[-89.9111715847354,34.0888062026527],[-89.9113082084951,34.0944206940991],[-89.9278447389289,34.1642910643486],[-89.93658085104,34.1877804044033],[-89.943595686398,34.2031895212215],[-89.9438552535776,34.2077009222948],[-89.9380562686783,34.2074823517903],[-89.9379811198776,34.2026226063389],[-89.932318714916,34.1929338507569],[-89.9221891926698,34.1644140081698],[-89.8963908862877,34.1642534881808],[-89.8960971586592,34.1568494635257],[-89.8786250736608,34.1570372910796],[-89.87842018359,34.1643525219846],[-89.8690898981942,34.1640519870524],[-89.8692880385984,34.1847374942389],[-89.8743698328228,34.1844130572342],[-89.8740829694254,34.188473659983],[-89.8779626197839,34.1886410026658],[-89.8781265617555,34.1930431192174],[-89.8818286212148,34.1928484571269],[-89.8819994329716,34.2107779460038],[-89.9048060374237,34.2104227783566],[-89.9051475678443,34.2144560591236],[-89.9227357695425,34.2142374953172],[-89.9226879785091,34.2218771646123],[-89.9439645818571,34.2221230613786],[-89.9439167988113,34.2322831049385],[-89.9184873309347,34.2320542826748],[-89.9187947431905,34.247275564169],[-89.9522977079361,34.2474019341294]]],[[[-85.0181199726034,34.7985921955895],[-85.0182236352271,34.7400123159784],[-85.0000480233475,34.7449710815448],[-84.989126260886,34.7446807841949],[-84.9923843160219,34.7050105197424],[-84.9788875048217,34.7045528779056],[-84.9793451357495,34.7003385955193],[-84.9703222038247,34.6838161389496],[-84.9492505027816,34.6718426366574],[-84.9402549035207,34.6704560809269],[-84.9451796056873,34.6764257508682],[-84.9437247395805,34.6801926491496],[-84.9367372682006,34.6765042903656],[-84.9300230131481,34.6757256322048],[-84.9193471490068,34.6811317885938],[-84.9105291404507,34.6810703070806],[-84.9025922396958,34.6659139070386],[-84.8994297759729,34.6636667413768],[-84.8893959646495,34.6667710938339],[-84.887497128817,34.676770622155],[-84.9045115875916,34.6850011274973],[-84.9067861042285,34.6895671720549],[-84.9127353604306,34.6948913815804],[-84.9230970356265,34.6990612776392],[-84.9308358478834,34.7033165495481],[-84.9354190320022,34.7099043600205],[-84.9338070667728,34.7130975144974],[-84.9239849962766,34.7156793501145],[-84.9003519087371,34.7080908858241],[-84.9014516241987,34.7428023703766],[-84.9092245908082,34.7491203873396],[-84.9166355495001,34.757525054023],[-84.9238962354402,34.7604586672464],[-84.928616024554,34.7647788238558],[-84.9158842234835,34.7771586939195],[-84.9157476180176,34.7801332803732],[-84.9262254169731,34.7940397409156],[-84.9327531690757,34.7965993369969],[-85.0181199726034,34.7985921955895]]],[[[-90.0722928615688,33.9857577857564],[-90.0707628173456,33.9716020252071],[-90.07057152217,33.9565719898476],[-90.0391586546611,33.9567529830358],[-90.0394932996743,33.9420610457348],[-90.0298898004769,33.9421259308271],[-90.0301697865961,33.9222327339557],[-90.0216318130704,33.918189204654],[-90.0150200240771,33.920829106869],[-90.0126840268635,33.9171680741855],[-90.0090434487123,33.9200265464632],[-90.0058604900851,33.9177691370041],[-89.9999522226476,33.918185782798],[-89.9885454871302,33.9116150478314],[-89.9889826954384,33.9335539144821],[-89.9960043145203,33.9334275566913],[-89.9957789553434,33.9479999634771],[-89.9611626478163,33.9489152115382],[-89.9608552383577,33.9346330909138],[-89.9437315049062,33.9350019212577],[-89.9436427304044,33.9420439419907],[-89.9340528927313,33.9419585608861],[-89.9339163413548,33.9612062964828],[-89.9256311039898,33.9614726747324],[-89.9254467110106,33.9707481981393],[-89.9201121936252,33.9710384831344],[-89.9202966325322,33.9773155130408],[-89.9132750136446,33.9774828523909],[-89.9128105697393,33.9849995777722],[-89.9095593147747,33.9850747102213],[-89.9163077604906,33.9992270566556],[-89.9445035234757,33.9988479843956],[-89.944537679901,34.000309665134],[-89.9442918263995,34.0139292475579],[-89.9618868584734,34.0142400305218],[-89.9620712609737,34.0083659873077],[-89.9706160522364,34.0079834944118],[-89.9709097353553,34.0004565233171],[-89.9708960706287,33.9988479925573],[-90.0002256763733,33.9991895150251],[-90.0310784540286,33.9989470485329],[-90.0311194392298,33.9999954969716],[-90.030955526218,34.005469967719],[-90.03467808191,34.0068531014687],[-90.0428267466292,34.0184406769704],[-90.0708790716879,34.0180308678617],[-90.0718079833959,34.0117743302738],[-90.0709883036929,33.9999067146906],[-90.0722928615688,33.9857577857564]]],[[[-85.2626483753277,34.6665119049447],[-85.2622795607428,34.6940652547963],[-85.2643218452916,34.6983273518761],[-85.2635022028814,34.7006325703285],[-85.2609749660197,34.7007862500716],[-85.2599504188804,34.7105091522288],[-85.2637276098465,34.7055845237178],[-85.2634339200965,34.7233978942516],[-85.2567128479834,34.7375707192151],[-85.2573002627323,34.7408321784322],[-85.255763431852,34.7433559652807],[-85.2763160164735,34.7437282356376],[-85.2811655809852,34.7442883231873],[-85.2877159092188,34.7474985609828],[-85.2948194791659,34.7312493309215],[-85.2984532359993,34.7314030153843],[-85.3017591235537,34.7183810897123],[-85.3080635483377,34.7103657621925],[-85.3089856444836,34.7065749574344],[-85.3070936312804,34.706322235433],[-85.3078722891057,34.7014283396919],[-85.3142518484966,34.6936896382861],[-85.3161438523657,34.6848478423097],[-85.3168337106618,34.6743838539432],[-85.3142723187814,34.671170204235],[-85.3112532925675,34.6686429978254],[-85.3112737811753,34.6657981864465],[-85.2626483753277,34.6665119049447]]],[[[-84.9492093990994,34.5129395714988],[-84.9611557134871,34.5095824998999],[-84.9649943817051,34.5104055532133],[-84.965581789972,34.5056585077896],[-84.9675762533098,34.5002147765522],[-84.9688330386132,34.4967074279435],[-84.9787848869221,34.4963556787765],[-84.9791264007409,34.4902050108513],[-84.967521603205,34.4907753277795],[-84.9710119160421,34.4834771760819],[-84.9714832086155,34.4788428309404],[-84.968293425236,34.4784774072274],[-84.9688944885796,34.4659916539284],[-84.9627061740042,34.4658994391403],[-84.9629110928719,34.4760833883428],[-84.9585328271195,34.4783203010925],[-84.9503773675044,34.4804206047471],[-84.9460810578089,34.4706567130486],[-84.9194699375245,34.4698165621108],[-84.918875699245,34.4762438563917],[-84.933950327668,34.4787061880401],[-84.9432874476837,34.48544768425],[-84.9475086205223,34.4911065764006],[-84.9338956933085,34.491068996119],[-84.9336019934411,34.4987325717775],[-84.9400566922223,34.4985481602161],[-84.9405758017451,34.4998288388858],[-84.940302589393,34.5028751438245],[-84.9366620017225,34.5022809055002],[-84.9360677628621,34.5060648802619],[-84.9309586462627,34.5066010526172],[-84.9310064625274,34.5106992211069],[-84.9247635039936,34.5109007082395],[-84.924374171909,34.5086125635512],[-84.9193538494044,34.5087628250195],[-84.9168402722422,34.5067410590459],[-84.9151190250197,34.5148110345185],[-84.9176189399399,34.5147973767811],[-84.9175164895214,34.5213920130438],[-84.9218810960914,34.5216618128915],[-84.9221406469438,34.5172870188706],[-84.9250845361544,34.5173826449903],[-84.9252006491452,34.5130761530874],[-84.9297360160551,34.5138923764523],[-84.9362180351051,34.5126151205663],[-84.9363888026286,34.5235572309704],[-84.9397220233457,34.5234206283168],[-84.9384788987482,34.5270270156483],[-84.9355213513461,34.530892951084],[-84.9301185341091,34.5373885432449],[-84.9273454119381,34.5474836958105],[-84.9306239911248,34.5507622336666],[-84.9305488604419,34.5542422614531],[-84.9354189238072,34.5676979196957],[-84.941907783141,34.5776428148574],[-84.9492709162362,34.5702900250223],[-84.9672347821175,34.5619229488372],[-84.9667498220394,34.5565167806039],[-84.9617704794041,34.5526849884777],[-84.9535262215796,34.5503114580457],[-84.9527134010221,34.5416813969505],[-84.9714354434526,34.5403153592451],[-84.9714012870401,34.5342705604508],[-84.9683685983367,34.5292776227055],[-84.956456427426,34.5213203337889],[-84.9484307429239,34.5207329211578],[-84.9506574405704,34.5167064730757],[-84.9492093990994,34.5129395714988]]],[[[-89.8799153980607,33.9457083692046],[-89.8795738700922,33.9423649463015],[-89.8707626949119,33.9425015490164],[-89.8706534009036,33.9399845899644],[-89.8680168795725,33.9401826672956],[-89.8689116188448,33.9266962749789],[-89.8711997567796,33.914507636939],[-89.8619992026746,33.8981388623315],[-89.8570676762176,33.8981627664214],[-89.8570541687655,33.9511077001512],[-89.8625799377328,33.9513467624972],[-89.8626619146606,33.955472252695],[-89.867525138087,33.9557932775419],[-89.8676549290195,33.960448114534],[-89.87074225575,33.9605369091327],[-89.8706329895394,33.9673057190525],[-89.873815941754,33.9674833074093],[-89.8738501225124,33.9775306526401],[-89.8832896942134,33.9779712088266],[-89.8829414050531,33.998533772984],[-89.9099555170832,33.9990836188568],[-89.9054884131149,33.9843472840639],[-89.9057752630087,33.9758743187347],[-89.9032958394865,33.9758674877839],[-89.8882757700525,33.9458996196384],[-89.8799153980607,33.9457083692046]]],[[[-85.1156658417476,34.9083002586654],[-85.1040337166941,34.9041884193289],[-85.0992251365874,34.905110502333],[-85.0881052964539,34.910557639028],[-85.0867050739549,34.9142050072833],[-85.0902090552404,34.9148675471092],[-85.0930914706367,34.9139864440298],[-85.0964451829772,34.9147890054699],[-85.0956528650587,34.9199287895019],[-85.0993207746242,34.9205981606379],[-85.0990134115431,34.9253144683062],[-85.1103381681483,34.9263492664552],[-85.1170934063758,34.9278109531661],[-85.1232817221201,34.9279339034323],[-85.1283088691753,34.9212641405796],[-85.131635259283,34.9207108911224],[-85.1296271279447,34.9176372638911],[-85.1182408953308,34.9125213737718],[-85.1156658417476,34.9083002586654]]],[[[-88.944141156272,36.5762595794014],[-88.9401658691436,36.5733908633661],[-88.9342507637792,36.5734557488378],[-88.9303164734552,36.5763176316147],[-88.9337453348025,36.5805728920175],[-88.9366960569938,36.5804499481779],[-88.936436506856,36.5820789679054],[-88.9426931410908,36.5853575012633],[-88.9428570701399,36.5854053131963],[-88.944141156272,36.5762595794014]]],[[[-89.5264007397844,33.1812287369534],[-89.5262709227878,33.1666050956203],[-89.5377596002855,33.166977350818],[-89.5380259457874,33.1523776159413],[-89.5418577814064,33.1523161453834],[-89.5416596808285,33.1449770034755],[-89.5506484431747,33.1449940826835],[-89.5499379446829,33.0931146490548],[-89.5631547024528,33.0926877610282],[-89.5633049619486,33.0893887332607],[-89.5673348775518,33.0891462597165],[-89.5675056021112,33.07633947456],[-89.5955442558347,33.0764521841463],[-89.5954281343659,33.0745909318354],[-89.6109603876717,33.0746250885788],[-89.6108100684652,33.0558759543309],[-89.6238082551604,33.0556232389238],[-89.6236921197826,33.0484582695586],[-89.6541828736999,33.0478981966719],[-89.6538891276413,33.0333804248139],[-89.6628095859008,33.0332813884774],[-89.6626183553193,33.0405317367652],[-89.6974259026511,33.0406205432496],[-89.6974123018366,33.062361342738],[-89.7146726377907,33.062375009264],[-89.7146453359793,33.0696526783884],[-89.7309630808196,33.0693589820507],[-89.7307718512465,33.0766264059377],[-89.7394327549609,33.0764932182641],[-89.7390570946656,33.0800176453867],[-89.748093669123,33.0797341918964],[-89.7475336097148,33.0907821786913],[-89.8241225098627,33.0909632079172],[-89.8243069299352,33.0913457043563],[-89.8247235836321,33.0918033336488],[-89.824846532643,33.0924863616922],[-89.8245118454203,33.092923500271],[-89.8239380965953,33.0935143197284],[-89.8239790797046,33.0939241365365],[-89.8243001084859,33.0944227479366],[-89.8246552890664,33.0948120738135],[-89.8248192186995,33.0951604189456],[-89.8243342629322,33.0954575359944],[-89.8230023429827,33.0957683131284],[-89.8225447090981,33.0961986211917],[-89.8224217651539,33.0969055560167],[-89.8219231496311,33.0973802608815],[-89.821424532252,33.0972743904812],[-89.8206595308698,33.0971241244613],[-89.8202906926107,33.0974792992218],[-89.8197442653825,33.0984321232878],[-89.8194642221807,33.0991766243628],[-89.8198740463504,33.0999245408065],[-89.8205229327933,33.1002523948901],[-89.8218002112446,33.1004197377392],[-89.823104810529,33.1001260357075],[-89.8234873120765,33.1003650956859],[-89.8233643664658,33.100918348958],[-89.8223876255324,33.1015023382767],[-89.8224217797063,33.1020248545105],[-89.8229272278392,33.1023971058697],[-89.8236512479369,33.1028957166093],[-89.8240952232729,33.1034387241428],[-89.8244845557699,33.1040739407484],[-89.8251402732642,33.1047467243649],[-89.8257140253253,33.1053648655242],[-89.8260623761646,33.1062767085576],[-89.8261921570885,33.1075232358719],[-89.8254818004806,33.108155036743],[-89.8243411304742,33.108363360209],[-89.8243069793308,33.1088585559058],[-89.8250788130182,33.1093844885402],[-89.8256867169748,33.1099411567404],[-89.8252495741144,33.1103680493946],[-89.8243274742524,33.1101221586539],[-89.8236444372752,33.1100709318049],[-89.8231458218046,33.1102860850626],[-89.8229340814162,33.1109110560021],[-89.8229614052763,33.1115223668884],[-89.8234053808131,33.1121541680428],[-89.8235898023418,33.1126322880607],[-89.8230980173784,33.1133528837424],[-89.8222852049333,33.113854909443],[-89.8211308745101,33.114148611012],[-89.8193754705069,33.1143774252491],[-89.8185763183115,33.1147086934064],[-89.8179889067979,33.1147496752656],[-89.8175244417907,33.1146267300731],[-89.817012164038,33.1143705941209],[-89.8168550645452,33.1140393249622],[-89.8168618928742,33.1134143538295],[-89.816697961928,33.1126869287165],[-89.8161447012608,33.1123898110465],[-89.8155163086477,33.1128201189812],[-89.8148264460058,33.1140973814381],[-89.8136311370881,33.1161054848483],[-89.8115478769233,33.1165153018374],[-89.8093689899769,33.1167475306526],[-89.8067392992383,33.1166963022666],[-89.8061792077762,33.1164162606165],[-89.8054142070255,33.1162523331508],[-89.8051341630574,33.1167372838866],[-89.8049497457674,33.1178574500651],[-89.8048336311927,33.1181648133326],[-89.8042325589044,33.1182775127315],[-89.8036451467341,33.1180794339698],[-89.8033582727282,33.118434608656],[-89.8030509082791,33.1193259608031],[-89.8024634976204,33.1195103783367],[-89.8020809967154,33.1193088852634],[-89.8014526029825,33.1192713181733],[-89.801418451746,33.1196845506189],[-89.8017736330238,33.1205929786802],[-89.8017053320419,33.1212623464263],[-89.8009676527869,33.1214775006139],[-89.8006876071875,33.1211189105559],[-89.8000797016901,33.1203846540007],[-89.799430818339,33.1208183773674],[-89.7994376512155,33.1218634106704],[-89.7999362709048,33.1226557240056],[-89.7995879234588,33.1231270140591],[-89.7990824757405,33.1230143141243],[-89.7987614479991,33.1226967058478],[-89.7983926072396,33.1224576451122],[-89.7979554637794,33.1225942509735],[-89.7973270715805,33.1231611646697],[-89.7969104210492,33.1237588138833],[-89.7961932372033,33.125121455554],[-89.7965347567678,33.1258283905364],[-89.796534758945,33.1265558155932],[-89.7959541815113,33.1278877218301],[-89.7946700772584,33.1295201594424],[-89.7941782941113,33.130630080802],[-89.7948886537479,33.1313472605808],[-89.7955853527277,33.1318731925175],[-89.7960361578235,33.1319551564111],[-89.7962683907355,33.1322420282959],[-89.795844909891,33.132928472328],[-89.7953121443416,33.1338403150915],[-89.795489735719,33.1347384974146],[-89.7961864335904,33.1349741428341],[-89.7977096066029,33.1353600542551],[-89.7990210374063,33.1354112818016],[-89.7995469768099,33.1356844934703],[-89.7994172002529,33.1361352919654],[-89.7983175124614,33.1363709364394],[-89.797538851207,33.1364494847146],[-89.7973407718769,33.1368934535381],[-89.7978257290609,33.1373510827127],[-89.7975047029618,33.1379487321631],[-89.7968831395394,33.137955562105],[-89.7962069332215,33.1378804290802],[-89.7949569772279,33.1383346427606],[-89.7943422458967,33.1388947257836],[-89.7940212189915,33.1391167096051],[-89.7929078702819,33.1394104115825],[-89.7918628254768,33.1398646257989],[-89.791671577528,33.1405613145706],[-89.7921633653521,33.1410667557063],[-89.7929693478076,33.1409950378629],[-89.7941510000716,33.1405271640085],[-89.7948886805581,33.1405886369349],[-89.7951004230357,33.1409677177146],[-89.7951140856713,33.1416507456991],[-89.7943764070625,33.1420503172932],[-89.7932084150622,33.1422244898472],[-89.7926961379351,33.1426821187381],[-89.7924365863781,33.1435598101982],[-89.7921565451994,33.144768770177],[-89.7927166369423,33.1454039871882],[-89.7941851654757,33.145161512144],[-89.7947042734247,33.145315193652],[-89.7948203906177,33.1457933142805],[-89.7943969100076,33.1465548905789],[-89.7937548570399,33.1470603319199],[-89.7936797247835,33.1476989631099],[-89.7946974514887,33.1482658770135],[-89.7954487935465,33.1490684356958],[-89.7948408927988,33.1496148585281],[-89.7943012947869,33.1498846551115],[-89.7945881719685,33.1505915897749],[-89.7951346040528,33.1514146387536],[-89.7951824201979,33.1529104711999],[-89.7946564858534,33.1542833588042],[-89.7947247906961,33.1547614784507],[-89.7952917134776,33.1555093953586],[-89.7957766727135,33.1565510138139],[-89.7954283251511,33.1569881516347],[-89.7947111363426,33.1568856970234],[-89.7945130543857,33.1562743863443],[-89.7939393034164,33.1561855925535],[-89.7935499732722,33.156564673296],[-89.7936046188622,33.1574662708057],[-89.7942603360665,33.1584054355643],[-89.7943286420196,33.1591567669214],[-89.7938505172692,33.1593241091008],[-89.7928464527625,33.1593377691839],[-89.7909954233831,33.1592216537582],[-89.7907973418279,33.1588596482262],[-89.7905309566901,33.1584259249567],[-89.7900460006738,33.1585488700219],[-89.7894449299965,33.1592694652761],[-89.7885911386153,33.1605911247836],[-89.787826140167,33.1615337042734],[-89.7867674337688,33.1618205755843],[-89.7860980580257,33.1619947474966],[-89.7854286831891,33.1621928255854],[-89.7849573876198,33.1621689198729],[-89.7844929227148,33.1621757500237],[-89.7841514045061,33.1623260157493],[-89.7835776553621,33.1629270804263],[-89.7828946224145,33.1641599473855],[-89.7825667688582,33.1657206667765],[-89.782252577173,33.1673394442638],[-89.7809684742838,33.1697266287685],[-89.780005396446,33.1709629103474],[-89.7791311117439,33.1719054895894],[-89.7777513812403,33.1729436917278],[-89.7758866939865,33.17401263147],[-89.7745206248108,33.1754879719227],[-89.7742679049121,33.1766798568401],[-89.7746982194647,33.1773014129142],[-89.7756339806299,33.1777385515386],[-89.77684978641,33.1779229699566],[-89.7775259944859,33.1783771835433],[-89.7777992099324,33.1786947918732],[-89.7779426483945,33.1790670428051],[-89.7780792579936,33.1797808077162],[-89.7780860884467,33.1800301134416],[-89.7483261810676,33.1799857060512],[-89.7485242509632,33.1763759004718],[-89.7314141837254,33.1767618057361],[-89.7315303098995,33.1801427962823],[-89.6986147732474,33.1805833382332],[-89.6985123068565,33.1767481334282],[-89.6809924171541,33.1770418287526],[-89.681040208318,33.1692518888738],[-89.6725637238237,33.1695421733015],[-89.6723519726688,33.1658640639521],[-89.6638413365697,33.1660109119514],[-89.6637661915603,33.1620698376738],[-89.6294094492737,33.1628450624011],[-89.6294709746832,33.1817820279958],[-89.5418442005909,33.1820142252826],[-89.5264007397844,33.1812287369534]]],[[[-86.9305272138194,33.4351704517066],[-86.930219840409,33.4314103798377],[-86.9349601158352,33.4314650258794],[-86.9349464494951,33.4282513765184],[-86.9424325317636,33.4284323847153],[-86.9435527074411,33.4253655874135],[-86.9390173395903,33.4225515069471],[-86.948982841738,33.421007869703],[-86.9394749625272,33.4157724501331],[-86.9358617044895,33.4192183259337],[-86.9354587035608,33.4135491891121],[-86.9307594121804,33.413839472977],[-86.9313331570779,33.4103867640217],[-86.9263948018241,33.4101442855004],[-86.9269753737512,33.4041951079755],[-86.9321869430315,33.4043829441441],[-86.9322484100911,33.4001823187841],[-86.9362988175265,33.400199398111],[-86.9391402416208,33.394998138253],[-86.939358808379,33.3920098888275],[-86.9421729218844,33.3931915301802],[-86.9429993939991,33.3919210975653],[-86.944092245663,33.3873140713279],[-86.9503146987452,33.380278882244],[-86.9526506842732,33.3806203982872],[-86.9524252767736,33.3774545611986],[-86.9487573700707,33.3772257433608],[-86.9490442339189,33.3698968483137],[-86.9394885503391,33.3695314207908],[-86.9395022043913,33.3657884247214],[-86.9347960815197,33.365638154752],[-86.9347209313423,33.3551707427355],[-86.8937387304447,33.3549965407804],[-86.8939914201405,33.3330200985766],[-86.9090387171518,33.3330713361982],[-86.9088337800165,33.3162176079124],[-86.9133691428238,33.3161663840811],[-86.9131027497213,33.3102206207228],[-86.9219617343736,33.3101830606964],[-86.9221324841764,33.3037762530836],[-86.9521997573971,33.3037523690827],[-86.9523910668326,33.3407383640166],[-86.9571723228074,33.3407520275092],[-86.9572064807136,33.3441466795647],[-86.961413985824,33.3440954557839],[-86.9614754668998,33.3488937307077],[-86.9714887848439,33.3489757016277],[-86.9740911597883,33.3523191280561],[-86.9777249272946,33.3598973314626],[-86.9758124391884,33.3689884398353],[-86.9865019427538,33.3562499657501],[-86.991658861117,33.3509940656182],[-86.9919183994653,33.3412779848872],[-86.9964879143526,33.3414965574258],[-86.9965630432002,33.3380950759703],[-86.9999304152294,33.3386722370087],[-87.0036119828279,33.3386346729747],[-87.0087210887671,33.3338364013194],[-87.0470121251641,33.3343043042581],[-87.03912306448,33.3421488811572],[-87.0365480311332,33.3513492731636],[-87.0367597784335,33.3547439245579],[-87.0327913462144,33.3612873353105],[-87.0231263787924,33.3620864711865],[-87.0180104390813,33.3652079076018],[-87.0139258768463,33.3635993730308],[-87.0111869047664,33.3663861270854],[-87.0101623599461,33.3726836493338],[-87.0001148901175,33.3730012500584],[-86.9961532773578,33.3725675238269],[-86.9810718717571,33.3998066890562],[-86.9730598716737,33.4123744080899],[-86.9841797191605,33.419054434272],[-86.9826907084129,33.4245391521733],[-86.9792823543503,33.4238458752528],[-86.980457174798,33.4221314751599],[-86.97506118362,33.4215782180131],[-86.9747060007428,33.4191705421183],[-86.9764477401167,33.4168789830474],[-86.9695354024246,33.4129003371611],[-86.9685518321838,33.4144064140097],[-86.9624659704631,33.4114044997443],[-86.9514691026711,33.4254099902914],[-86.9484978941831,33.4264311155131],[-86.9465580759173,33.4296481785415],[-86.943662003134,33.4314957685173],[-86.9415924005325,33.4309459292702],[-86.9377878943303,33.4355871048302],[-86.9305272138194,33.4351704517066]]],[[[-85.9361873064996,37.032547295561],[-85.9321642111078,37.0303342849335],[-85.930149255048,37.0345792964855],[-85.9233530238539,37.0308158118623],[-85.9258256140577,37.0257033557896],[-85.922779264227,37.0247266250572],[-85.9212151105114,37.0270215948071],[-85.9191796568301,37.0256555394172],[-85.9173559483201,37.027718279752],[-85.9101294040032,37.0243236288616],[-85.9145486515589,37.0189345487348],[-85.9099039923107,37.0166737253206],[-85.9068439843017,37.0181729677307],[-85.9017075381572,37.0159394646847],[-85.9006351717144,37.0180705087279],[-85.8958743961715,37.0163902581986],[-85.892274792407,37.0210928964323],[-85.8836275303956,37.017974871052],[-85.8863050319247,37.0130673232759],[-85.880594834172,37.0112026553326],[-85.8826507736644,37.0075108951747],[-85.8850550665592,37.008166602785],[-85.8896655616146,37.0001239623965],[-85.8977049022875,36.9891238173616],[-85.8940984606297,36.9872010934165],[-85.8985655179397,36.9792677372821],[-85.9028959787879,36.9806098885388],[-85.9044259806485,36.9787896229353],[-85.9106143068323,36.9817505504538],[-85.917369538357,36.972420405038],[-85.9291041342154,36.9775636092055],[-85.9325193236773,36.9781544298794],[-85.9350397301417,36.9763034285807],[-85.9386598253269,36.9726799727183],[-85.9372459364949,36.9716622612088],[-85.9401761631865,36.9676289881138],[-85.9434752365073,36.9683393388511],[-85.9422662623936,36.9703645139659],[-85.9483316383671,36.9706172383341],[-85.948154050532,36.9723350518288],[-85.9468494500696,36.97367378357],[-85.9450120769813,36.9728165832123],[-85.9418837633521,36.9721540444605],[-85.9376489356071,36.9772016110637],[-85.9414056466716,36.9799712896405],[-85.9542604252486,36.9856028582735],[-85.9569720801321,36.9821023459021],[-85.9606195042567,36.9835640273879],[-85.9540760164406,36.9945880789694],[-85.9478740311562,36.992385311707],[-85.9457019740995,36.9950593615604],[-85.9538369599167,37.0001649954947],[-85.9566169267105,37.002173097096],[-85.9477306200308,37.013487433941],[-85.9455995393783,37.011137819387],[-85.9357774520129,37.0081154168964],[-85.9346982548661,37.0102942716902],[-85.9324647203917,37.0096385643161],[-85.9300057884681,37.0126199758687],[-85.9333936569745,37.013432780738],[-85.9331750887847,37.0164585902503],[-85.936269250272,37.0169537875113],[-85.9340220618597,37.0209221732353],[-85.9369386324837,37.0211646497875],[-85.9365493049867,37.023845530951],[-85.9392131527109,37.024091422687],[-85.937806102321,37.0296785830193],[-85.9404767808518,37.0304094243715],[-85.9392541460654,37.0332030041502],[-85.9414057173731,37.0343436613869],[-85.9398962061279,37.0362493052578],[-85.935046635343,37.0345656401538],[-85.9361873064996,37.032547295561]]],[[[-86.7722610250254,33.5941930173767],[-86.7670972621369,33.5907368899103],[-86.7658404761957,33.5920141516694],[-86.7692351725585,33.5944218292914],[-86.7606767356571,33.6026489005436],[-86.7578216391988,33.6011769716702],[-86.758812039475,33.5991893599855],[-86.7555539540451,33.5991893573563],[-86.750854672504,33.6062347922223],[-86.7439901580512,33.6091137517698],[-86.7404042226751,33.6142159715354],[-86.7408618017874,33.5776022335614],[-86.7567082535506,33.5775066213407],[-86.7569541342446,33.5695630007857],[-86.7648910208461,33.56946738272],[-86.7648773640376,33.5715540345992],[-86.7696722809906,33.5713730359298],[-86.77026652707,33.5736577663624],[-86.7767553758695,33.5738592641572],[-86.7863042163672,33.565567306524],[-86.785819265827,33.5688595035366],[-86.7847537316438,33.5713525560686],[-86.7849108359323,33.5747472077284],[-86.7879298581005,33.5749999308582],[-86.787574687924,33.5803275515205],[-86.7887631777604,33.5847194258896],[-86.7905664025791,33.5893981712947],[-86.7845898485815,33.6005486058176],[-86.7783059222047,33.6086766397983],[-86.7804779868108,33.6131197411149],[-86.7833330822549,33.6144072514866],[-86.7780190720897,33.6246526741045],[-86.7637845850166,33.6241745430361],[-86.762527777758,33.6113438531047],[-86.7633474083977,33.6022629913794],[-86.7722610250254,33.5941930173767]]]]},"properties":{"FID":1,"OBJECTID":651,"TVA_AREA":"20161208","COUNT_":0,"ACRES":49116109.439,"SQ_MI":76743.9210088,"created_us":"DCMICHAE","created_da":1481155200000,"last_edite":"DCMICHAE","last_edi_1":1481155200000,"SHAPE_STAr":2139489951550,"SHAPE_STLe":19316364.6286,"Shape__Area":299713430648.58203,"Shape__Length":7211916.5227014823}}]}